agent,reference_sex,age_bin,target_agent,n_cases_clean,n_windows_clean,n_female,n_male,mean_age,mean_agent,sd_agent,mean_mac,mean_bis,sd_bis,mean_sef,sd_sef,mean_sqi,delta_power_db,theta_power_db,alpha_power_db,beta_power_db,alpha_peak_freq,alpha_peak_power_db,alpha_delta_diff_db,usable_cell
sevo,all,20-24,1.0,5,5,2,3,21.6,1.0017500004172324,0.0239095919675832,0.6310091153353763,48.09600000242392,6.123178832636519,16.01032235180338,1.6979207337041335,98.02489134907722,18.18851658798317,13.417152573528048,12.874106118786433,0.9201840021833844,10.0,14.128716977682751,-5.314410469196733,True
sevo,all,20-24,1.1,7,7,5,2,22.285714285714285,1.0956222305029986,0.0276749473940515,0.5289229936268558,43.00667499765044,9.380578427678223,14.620790259398165,2.457624846107826,97.64518576484352,19.093327691171616,12.904961454686347,13.490636985626766,0.0512848355455754,10.0,15.190062112491386,-5.602690705544847,True
sevo,all,20-24,1.2,8,8,5,3,21.875,1.2132690693998789,0.0162516837068484,0.6298535176691076,44.386226394493136,9.257107891529577,15.348242006474177,2.33841615373489,98.52833385864894,18.626428063912925,12.849279628523313,13.173930023265292,0.5527436741614681,10.5,15.01552319660001,-5.452498040647633,True
sevo,all,20-24,1.3,4,4,1,3,21.5,1.2854785022713864,0.0168477069318229,0.6661181703408753,41.08705076879511,6.3022428500963885,15.192556324259687,1.4144766918240457,98.17490622761348,19.41082396719773,12.914965539655777,12.828872470875124,0.3306892671555244,10.0,14.318775406851293,-6.581951496322612,False
sevo,all,20-24,1.4,9,9,5,4,21.77777777777778,1.392473215840895,0.0297972581841276,0.6254521316154515,42.80922451655346,9.7188645120964,14.74738006485557,1.5997334409611326,97.89441180201592,20.07702197585008,14.923385439273584,14.829194802790148,1.432449751655479,10.5,16.915195415466663,-5.247827173059932,True
sevo,all,20-24,1.5,10,10,5,5,22.1,1.5052688814645323,0.0354872120631655,0.6115918165010711,46.97110351863007,7.886249599839242,15.516246004483351,1.9757002197601796,98.32586752921344,18.249727770555506,13.511524039394075,13.708905068111305,0.9326071840785012,10.75,15.463802153851717,-4.540822702444201,True
sevo,all,20-24,1.6,7,7,4,3,21.714285714285715,1.6134579819915371,0.0299933045940387,0.6875260373910091,47.47965310074034,7.4757601910689715,15.482632977054234,1.744086067394115,98.3185216194817,18.32941854143703,13.34147774159544,14.078194803196288,0.903123690846862,10.5,15.637272642096224,-4.25122373824074,True
sevo,all,20-24,1.7,8,8,5,3,22.375,1.7088989513897104,0.0174508862483983,0.7588688116661312,46.1824340283405,9.993183116468485,15.018124503230986,2.25458682976973,98.42672876535605,18.390892373674536,13.965861765528906,14.58825247164932,0.6615673258661976,10.5,16.808088876791572,-3.802639902025215,True
sevo,all,20-24,1.8,11,11,8,3,22.09090909090909,1.790446826633574,0.0261235455519545,0.7955261654735571,39.11142640472813,9.14390772548893,14.06017333826784,2.143890349822182,97.36989275406708,20.095561101035077,14.562463462519805,13.424363869332764,-0.0405112009082274,9.5,15.32412517632642,-6.671197231702307,True
sevo,all,20-24,1.9,11,11,8,3,21.818181818181817,1.9093477547535616,0.0242537073419145,0.7990909197568808,37.87448218433243,9.1349507974064,13.569346684144078,2.3854817286464134,98.33656886391567,20.25568959199346,14.111167495240943,12.458597791478232,-0.675304057305194,9.5,14.129788254292931,-7.797091800515227,True
sevo,all,20-24,2.0,9,9,7,2,21.666666666666668,2.007100676132056,0.017875525548729,0.8249942159452648,34.55428964085877,6.627011660508611,12.713780571223683,1.7270683718532938,97.766426426393,20.889229282252845,14.372136115868434,12.695086650495927,-1.2919089042802296,9.5,14.517190051375527,-8.194142631756918,True
sevo,all,20-24,2.1,10,10,7,3,21.6,2.1014999159503107,0.0119679261613486,0.9075110494535572,36.745919298554455,6.303677561398714,13.278078238945454,2.083305540791628,98.13789273262024,20.72071896880877,14.752955684394175,12.839455729313116,-0.9519618312543304,9.25,14.55206965716106,-7.881263239495662,True
sevo,all,20-24,2.2,11,11,7,4,21.90909090909091,2.1965163565219634,0.0235410315749935,0.9253444433646192,38.04092382352912,10.021686568630477,13.586788633166616,2.3539647775820707,97.55290476937184,20.56455307221852,14.410331525905727,12.594873839759652,-0.7146729035012448,9.5,14.41589271915271,-7.969679232458862,True
sevo,all,20-24,2.3,5,5,3,2,22.2,2.2798124715685844,0.0054473900220468,1.0047669282198572,31.225291643142697,4.035275339452636,12.50512810125947,0.9597126706191892,97.513834177653,19.51597412698612,14.490035678227809,11.929563802195576,-2.468681619766149,8.5,15.26941487660624,-7.586410324790539,True
sevo,all,20-24,2.4,8,8,5,3,21.875,2.390321512130322,0.017324323717547,1.0253588927647797,29.163128211411337,5.095920956975526,11.298685533879324,2.00378066536771,98.2732883706689,22.488638828066684,15.921920292676155,12.762570655998417,-1.4354917037829389,8.25,15.6294797359681,-9.726068172068269,True
sevo,all,20-24,2.5,6,6,3,3,21.5,2.501856558992424,0.0228898389634089,1.0460948460593096,31.43787653253724,6.653529103472507,11.00627842122016,2.799356366615176,96.51129078426295,21.189421353199663,14.35393121543495,10.675238981367206,-2.802919143724933,8.5,13.15462083794697,-10.514182371832456,True
sevo,all,20-24,2.6,4,4,3,1,22.25,2.592348559449116,0.0281409162719147,1.1392447950628897,34.400569613526265,5.799309361780165,13.33088800429056,1.055949046823246,97.440079053243,20.046192097331943,15.710575417634692,12.769752700187906,-0.8712379284204318,8.5,15.9296114600423,-7.276439397144037,False
sevo,all,20-24,2.7,5,5,3,2,22.2,2.697388049013292,0.0235169606063733,1.178653664585824,33.218386658032735,4.52424092200195,12.932275113624833,0.8242999220876345,98.38582513650258,20.958172036892915,16.740878244022646,13.446793900978582,-0.5985172302073546,8.5,16.757110400532984,-7.511378135914333,True
sevo,all,20-24,2.8,2,2,1,1,22.5,2.78295247120938,0.0425691171824591,1.1823991320289982,30.46300128015379,2.465915273812343,12.033505488280204,0.0903996076837987,97.78677210360766,22.97225892419486,16.613551606265005,14.320872091010418,-0.6956412164724202,9.25,16.47405127958571,-8.651386833184443,False
sevo,all,20-24,3.0,3,3,2,1,22.33333333333333,3.0206162956750227,0.0333049407899079,1.3480359960606114,27.68110893646048,1.035150334591806,11.098580503049824,0.4146228448791516,98.5586750196086,23.20782381485001,16.882319510361047,12.802081670755385,-1.4767750683919212,8.5,15.875680772794423,-10.405742144094624,False
sevo,all,25-29,1.0,8,8,4,4,26.125,0.9985441126749114,0.0322938623809273,0.508533532164438,46.55225665600349,8.273667817991289,15.589208990118156,2.0715560873348937,98.41840455935647,17.60247663218257,12.39037777573959,13.251269521937724,0.696726592393452,10.5,15.001640062490328,-4.351207110244845,True
sevo,all,25-29,1.1,9,9,5,4,26.11111111111111,1.0917636206123496,0.0225920745507443,0.5546672484539967,52.657757572388206,5.25802849558676,16.985349470411464,1.093283763965788,97.36317335654188,15.102800324344637,10.554463466863847,11.923377454138542,0.5342240137503667,11.5,13.72140769642682,-3.179422870206091,True
sevo,all,25-29,1.2,13,13,7,6,26.615384615384617,1.201820437900292,0.020857464122608,0.550700125373297,46.97387724562715,8.423292953813851,15.659453774195832,2.2091522080434536,97.54752904944696,17.76065331625242,12.117571840612865,13.136004292992356,0.3106616931974617,10.0,14.765715253970487,-4.6246490232600665,True
sevo,all,25-29,1.3,13,13,7,6,26.923076923076923,1.2904306623302635,0.021684321123116,0.5978095131518785,43.143749008174886,11.428918839799556,14.893146124634988,2.816634510307737,98.10427914506349,17.79454519775683,12.433407113778498,12.326494624008207,0.1860754177457318,9.5,14.228278018751022,-5.468050573748622,True
sevo,all,25-29,1.4,15,15,8,7,26.4,1.4026440740107662,0.0235064748510341,0.613599846014339,46.24088934623533,9.028419830209405,15.334760573527053,2.2657043908102947,97.29614061610567,17.766073568117797,12.623674682592688,13.611270961363056,0.6627086165970656,10.5,15.590224350309416,-4.154802606754742,True
sevo,all,25-29,1.5,22,22,13,9,27.181818181818183,1.4969513487049633,0.0187384232841394,0.6690879526579837,43.88374913503049,8.750001314315702,14.765357170019753,2.065906493584555,97.96736314091268,18.748630721171736,13.583969627073616,13.772749896761797,0.5365647290088623,10.0,15.360153113893064,-4.975880824409941,True
sevo,all,25-29,1.6,26,26,17,9,26.807692307692307,1.5953565924598547,0.0172465766522562,0.7120637938917542,42.55211862123166,8.855593456167206,14.48891276708589,2.161785648637649,97.5883821237928,18.86426825817652,13.384606344368686,13.37736551582603,-0.0078691556773478,9.5,15.090881829442754,-5.486902742350485,True
sevo,all,25-29,1.7,19,19,12,7,26.789473684210527,1.7022166584883898,0.021971743323758,0.7591861960980552,38.78443911061214,10.119404343384108,13.694827176457304,2.145313734494491,98.01170195226084,20.44490300286734,14.291238125419328,13.181928727050344,-0.3395950137334628,9.5,14.959942139887737,-7.262974275816996,True
sevo,all,25-29,1.8,14,14,8,6,27.214285714285715,1.790275271347214,0.0262055739299887,0.8132682341270127,36.18186568591212,6.051360190807101,12.948565556938274,1.5192666609917502,97.73997998368884,19.53606321077575,13.43047794406325,11.50791536418627,-2.1882669790689167,9.25,13.177927895427672,-8.02814784658948,True
sevo,all,25-29,1.9,23,23,14,9,26.956521739130437,1.90204453153394,0.0194252831612893,0.8321311760104964,38.72728566188851,9.890575179730284,13.621688671985074,2.4989020106558666,97.9662834809526,19.762633301721323,13.675405891283598,12.269118125831357,-0.8902254685551539,9.5,14.393763695565294,-7.493515175889967,True
sevo,all,25-29,2.0,26,26,17,9,27.0,2.006816391019413,0.0225945443297039,0.8987660130987373,37.95570938248092,9.024764005410551,13.488343066153808,2.3956575599347514,98.29627108476484,19.6935678400244,14.219599495633783,12.595130479810043,-1.063391018986763,9.0,14.757405378550455,-7.098437360214348,True
sevo,all,25-29,2.1,20,20,14,6,27.0,2.1019722597580404,0.0212139620841997,0.9335693200991956,36.081346637376896,8.071688553380525,12.639790255147965,2.2169545311044434,98.48168430291116,20.18883875746705,14.312709548149735,12.201880155747354,-1.516249430608229,9.0,14.639481069012197,-7.986958601719698,True
sevo,all,25-29,2.2,16,16,11,5,27.6875,2.2017293502867687,0.0152435318214781,0.971575920957548,35.04599119982837,8.956344797318337,12.560059064902209,2.6471888475322705,97.64853556454182,20.9227721408579,14.505683703794624,11.76052971008049,-1.368559006720564,8.75,14.117788934971308,-9.162242430777413,True
sevo,all,25-29,2.3,12,12,9,3,26.75,2.2894406532648848,0.0320275683951384,1.0896511613384872,34.06123372351544,7.966938346968437,11.960745467731934,1.8643682923700855,98.11766654294398,20.66596323989788,14.29987805704271,11.646306167323475,-2.6656798340839,8.5,13.892257967237176,-9.019657072574406,True
sevo,all,25-29,2.4,14,14,8,6,26.785714285714285,2.398081816416899,0.0237607746984715,1.0595219635959006,33.36751296708271,7.1269873855143375,12.332929348018729,1.8620586349825052,98.10914327747057,20.8022032278875,14.534205587507014,11.620229133456975,-2.1588429535027536,8.75,14.081177470880936,-9.18197409443052,True
sevo,all,25-29,2.5,11,11,5,6,27.454545454545453,2.492907202375037,0.0299790322418469,1.1213814011034131,31.145392357287083,6.145001897892923,11.1799456467852,1.744822442523367,97.67215291370044,21.158964094457588,14.631055805167131,10.2989108492537,-2.977861256401361,8.0,13.484464146813949,-10.860053245203888,True
sevo,all,25-29,2.6,5,5,1,4,27.8,2.624654900965591,0.02103717176165,1.1814114777433375,32.24771219566465,8.55615014235381,11.22771497244636,2.914185602456969,98.0540954825282,22.59215188565752,15.49094032358245,11.09183176245993,-1.8320495594601056,8.5,13.778550541093445,-11.50032012319759,True
sevo,all,25-29,2.7,9,9,4,5,27.22222222222222,2.699945034138445,0.0274865568660922,1.2756366000545247,32.03567998642447,4.313784174977358,11.102107107687605,2.088329606441889,98.00016233534724,21.358266053917426,14.626701511711884,10.100063570183746,-2.5979130231826084,8.0,13.26867569751334,-11.258202483733676,True
sevo,all,25-29,2.8,4,4,2,2,28.0,2.8045165836811066,0.01322610759316,1.326390009233728,30.410857771616428,4.444774904078664,10.680251926307877,0.9821745846613904,98.5664278085033,21.346223763891867,14.232726013681187,9.874486962015132,-3.696693393615864,8.0,12.87465349592373,-11.471736801876736,False
sevo,all,25-29,2.9,7,7,4,3,27.285714285714285,2.8946336283171106,0.0194625676344722,1.2862583591015124,30.496955932091392,3.813909867744867,11.021840487500386,1.839358023400786,97.82237638568594,20.928069850280338,15.020808849902698,10.223653602090726,-3.06369885534606,8.0,14.10385792033721,-10.704416248189611,True
sevo,all,25-29,3.0,2,2,1,1,26.0,2.969928414095193,0.0171804686895545,1.3919530992396176,31.041770838946107,2.6644666914599315,11.09388802666217,0.1459401977719443,98.64583387374878,19.54184813943512,13.963316891469658,9.873737937408908,-4.625498943899589,8.0,13.149609904921752,-9.668110202026208,False
sevo,all,30-34,1.0,10,10,5,5,32.2,1.0025364607793743,0.0253219795289664,0.5850813854914547,43.63510220261912,10.391129445992483,15.579143030128131,2.241636595572492,97.8580299622814,15.806745952226198,10.579234615868998,10.663309596566458,-1.8111746535198905,9.75,12.317383745236008,-5.143436355659738,True
sevo,all,30-34,1.1,13,13,7,6,32.84615384615385,1.1007397052503598,0.0289286659166452,0.5554737639156744,47.17891375710949,8.009167074712389,15.684850666266032,2.0832550368242693,98.71165158122014,14.021352323081889,8.961239553615611,10.009165113828464,-2.590361892304809,10.5,11.76667727855217,-4.012187209253428,True
sevo,all,30-34,1.2,18,18,9,9,32.72222222222222,1.2094488025888697,0.0243288617589867,0.6214887276270289,45.65623047225591,8.095433682489762,15.45399933511874,1.9461054024447133,98.41877571937664,15.0179022699271,10.095371018192044,10.394140305671876,-2.301137850200978,10.0,12.018603643317356,-4.623761964255223,True
sevo,all,30-34,1.3,19,19,11,8,32.31578947368421,1.302668904410185,0.0215214564709041,0.6284539648563511,46.6568051099189,9.219683725855232,15.782745001125232,2.1291430320182654,98.19082078567722,15.394930119982734,10.189147966694582,10.38487561568222,-1.6363963750415655,10.0,12.047925096033463,-5.010054504300514,True
sevo,all,30-34,1.4,23,23,16,7,32.26086956521739,1.3913193289200654,0.0201903340391819,0.6408330668443881,42.62706323248753,9.437226171989495,14.265099633401396,2.7630842670368203,97.32655907562676,16.87269862742839,10.79062456996105,9.794252903304496,-2.735148368765006,10.0,11.614119946881488,-7.078445724123895,True
sevo,all,30-34,1.5,28,28,16,12,32.32142857142857,1.4986235115765816,0.0251061846545457,0.6969112684946074,46.64881856445046,7.491777653979861,15.360656578492906,2.068581001546236,97.87872051138964,15.48327802866795,10.369625590190775,10.996885358660911,-2.038889851884053,10.5,12.481077924800486,-4.486392670007037,True
sevo,all,30-34,1.6,24,24,14,10,32.0,1.5979326944950218,0.0209925696350645,0.7233533984255498,44.41170300956194,7.509991988588368,14.857268689179586,2.010081780842995,97.9641090358918,16.4954407781896,11.222624602537945,11.496536533959636,-1.97130737219777,10.5,13.104727450479643,-4.998904244229964,True
sevo,all,30-34,1.7,17,17,12,5,32.11764705882353,1.7002612119723184,0.0225172963733666,0.8000394518665203,40.4845959885959,10.483201782566296,14.060585741757178,2.422083832974648,97.80922134331628,17.555707779570835,11.919919129621894,11.18874443160798,-2.167651497243982,10.0,13.154856434350142,-6.366963347962853,True
sevo,all,30-34,1.8,16,16,10,6,31.9375,1.7896508510811449,0.0164088027590572,0.8098767172271133,39.75960571490384,10.175691684973602,13.80521430496592,2.49253681812884,97.82480091881008,17.234493574635117,11.416023445444422,10.072566577996866,-2.6940486238861028,9.5,12.015964687082311,-7.161926996638252,True
sevo,all,30-34,1.9,24,24,13,11,32.291666666666664,1.900524336278128,0.0225005230425862,0.8422162541084819,39.728738902907615,8.948034589493435,14.145523286559104,2.0519385415585654,98.80340917319472,17.16097490945656,11.830043690772197,10.47400399956228,-2.770192463417278,9.5,12.487815152899948,-6.686970909894282,True
sevo,all,30-34,2.0,24,24,12,12,32.291666666666664,2.001949856010227,0.0244772917565859,0.9143836610538226,36.12204828993418,7.329990719112856,13.586891399551597,1.6104407762668886,98.50134415899714,18.047246000054468,12.355823297405,10.44427521075014,-2.849023753136105,9.0,12.517076507736206,-7.6029707893043295,True
sevo,all,30-34,2.1,27,27,14,13,32.2962962962963,2.1038536095060407,0.0238594101923266,0.9487772350869268,34.19243948694181,6.136872847988243,13.01972148026811,1.5287317080450615,98.3841776445692,18.08998850029468,12.359125634024428,10.121973911872717,-3.512990899679333,9.0,12.48394407619355,-7.968014588421958,True
sevo,all,30-34,2.2,22,22,12,10,32.36363636363637,2.20439633302193,0.0217767260905265,1.0172487557960928,35.02142692215063,5.883800036534072,13.0002930070076,1.701531903529773,98.3948255284266,18.768535676701397,13.088032295339833,10.455144099378565,-2.863669952288125,9.0,12.886495265254014,-8.313391577322834,True
sevo,all,30-34,2.3,11,11,5,6,32.27272727272727,2.3027923644520345,0.0268411224222572,1.038290136969987,34.64873997316216,10.338952209144194,12.324317574805834,2.3656364216164505,97.74300442071576,18.970130877082173,12.619455313949947,9.04536510781912,-3.35518669652092,8.0,12.047459320408784,-9.92476576926305,True
sevo,all,30-34,2.4,10,10,5,5,32.6,2.398524816654002,0.0111115700616677,1.0865084841668915,33.95361976676931,5.8750955754777445,12.449853237823891,1.2852805107244112,97.96948499778908,17.92342232391287,12.30540968965748,9.815566357340485,-4.290578705883212,9.0,12.336800309882154,-8.107855966572387,True
sevo,all,30-34,2.5,8,8,5,3,31.875,2.508633612127354,0.0239327795837402,1.1417374919100742,34.16736161302154,6.326455371676814,12.986605379381215,1.3158414170863888,98.06151632610708,18.61270989372446,13.07682584539727,10.167808237677091,-3.115366307418772,8.5,12.877454432293982,-8.444901656047369,True
sevo,all,30-34,2.6,4,4,1,3,32.5,2.603302344780726,0.015192380646684,1.1935058957353857,33.43681472595781,7.427349090027338,12.617970353752996,1.306368858592897,96.4177257484446,19.00608087284848,13.3689200317151,10.670518699638354,-3.099975270512722,8.25,13.61235762437958,-8.335562173210125,False
sevo,all,30-34,2.7,2,2,1,1,33.0,2.720800809096545,0.0294167188977099,1.2018783011008054,37.99528639055789,7.082079543385966,13.58626887379214,0.5354244201187396,98.09531329125166,17.827872658105456,12.088970618024533,9.33586723375457,-3.4608167756914767,8.25,10.426616052334044,-8.492005424350886,False
sevo,all,30-34,2.8,2,2,1,1,31.5,2.8000683339700725,9.6706262204769e-05,1.2539225223008543,36.77132155063252,5.39355818834928,12.71752540289114,0.1772839750287328,97.57833449045818,17.141261711794204,10.697934951238263,8.469546480320112,-4.836899408393421,8.5,10.825997462700071,-8.67171523147409,False
sevo,all,30-34,2.9,2,2,1,1,31.0,2.9115039703669026,0.0162689360440965,1.2979231434059328,28.91944337685903,2.9553151574184637,11.188568019152928,0.7429551045133042,96.75327492107948,17.737132340880812,12.07872231157905,7.4295267779409695,-5.717618963372486,8.0,10.86644482393311,-10.307605562939845,False
sevo,all,30-34,3.0,1,1,1,0,32.0,2.9984635431319475,,1.3213215719830866,30.11666653951009,,12.35274997552236,,99.65833333333332,19.438973671915964,12.74443783092597,8.146533473251845,-3.878030796703651,8.0,9.977012148733738,-11.29244019866412,False
sevo,all,35-39,1.0,22,22,12,10,37.04545454545455,1.004778353310416,0.028222400347433,0.5283549398818815,48.869553455371744,10.770623347778804,16.251558672269862,2.264976294398902,97.63598036154202,14.4508129436152,10.20619367293954,10.232189999454931,-1.4305019854449996,10.0,12.146019065858168,-4.218622944160269,True
sevo,all,35-39,1.1,25,25,16,9,36.72,1.1025018423879518,0.0275154680951523,0.551135420236426,49.05937707319359,10.024307816233694,16.30176010985424,2.420047473142443,98.51925731943052,14.46660035891744,10.152307602843212,11.407163644331256,-0.7852570559555754,10.5,13.101206508063065,-3.0594367145861803,True
sevo,all,35-39,1.2,26,26,16,10,36.92307692307692,1.2049689715069969,0.0264829191603583,0.6804850363570344,42.95233948349666,11.189826538579924,15.014162298167744,2.576045882391266,97.64825832786468,16.104225570252474,11.376201791581972,10.977064134025577,-1.835027888642459,10.0,12.916614894489635,-5.127161436226899,True
sevo,all,35-39,1.3,27,27,14,13,36.77777777777778,1.301958645545636,0.023879181482859,0.6609447497164509,41.18490667305887,9.718362302260672,14.316405200686903,2.5095979749237123,98.5442413115759,16.892303698576324,11.861982108951596,10.950635648023834,-2.01358449780524,9.5,12.909022174665107,-5.941668050552489,True
sevo,all,35-39,1.4,37,37,20,17,36.810810810810814,1.404026584053068,0.0222361388571091,0.6695910832834187,44.0026338939664,9.524912231239302,15.18758348593203,2.458788464669749,97.79954320662192,16.402462452641647,11.75313313050214,11.924594084175665,-1.1271865258148732,10.0,13.563157220875476,-4.477868368465984,True
sevo,all,35-39,1.5,34,34,22,12,37.1764705882353,1.504567058547628,0.0169061903272231,0.7149735642937194,43.606935301262375,8.84648912510531,15.187597659747023,2.3185893605795758,97.68391431523304,16.426043673210724,11.870628401165748,12.099833941382004,-1.307256975115689,9.5,13.767830713402212,-4.326209731828719,True
sevo,all,35-39,1.6,38,38,27,11,37.078947368421055,1.6017598919837996,0.0207374840657638,0.769548550606787,40.88618196689507,9.035653247929526,14.573705326015816,2.3012834477975046,97.63557195879127,17.18008387549746,12.339571728181369,11.949989464405272,-1.564721725745274,9.5,13.888374664406792,-5.230094411092186,True
sevo,all,35-39,1.7,37,37,23,14,36.91891891891892,1.7007800506539057,0.0211032384922098,0.817144925961468,39.95362190614614,8.151496628270465,14.38338391198567,2.2507151452971628,97.94948969347789,17.706427306988413,12.699543992518583,11.913897998600705,-1.4790745371812024,9.5,13.849537732591124,-5.792529308387711,True
sevo,all,35-39,1.8,32,32,19,13,36.6875,1.8013352169371502,0.027933955207779,0.8449294086094596,37.58102415252554,8.823823550987706,13.62178954279904,2.395707088099294,98.19930058759635,17.65097820719704,12.277849618571004,10.69667884918896,-2.56055430264234,9.0,12.812262102376534,-6.954299358008078,True
sevo,all,35-39,1.9,43,43,29,14,36.95348837209303,1.901508728059572,0.0232457519647156,0.9066130553604131,36.63854454032094,7.882431084534551,13.6775222567105,1.9931130413654212,98.31117070111657,17.572216565108057,12.343964713451925,10.671494939750175,-2.671325523246999,9.0,12.85450587158147,-6.900721625357882,True
sevo,all,35-39,2.0,42,42,27,15,36.88095238095238,2.0009348519185246,0.0220002039072221,0.9514301066860624,35.6962606921792,7.1662108371929305,13.391739887989583,1.988328568038248,98.10731153620615,18.09572571180981,12.798784124044811,10.87359459156788,-2.6420111697334283,9.0,13.400193612118365,-7.222131120241928,True
sevo,all,35-39,2.1,34,34,21,13,36.85294117647059,2.1007076446040003,0.0166847357644731,1.000502639152247,37.48601388644208,7.029621460002282,13.61351741613528,1.9381438737180965,98.24241632236276,17.88078104086275,12.54465379343378,10.84836096291419,-2.5495249269107525,9.0,13.163597999118558,-7.03242007794856,True
sevo,all,35-39,2.2,39,39,25,14,37.0,2.201495913328985,0.0223775765402979,1.0288595107565115,35.953856827458765,7.583699324638739,13.448688602565316,2.0737239769172597,98.37799280611875,18.055433276229422,12.759839608478512,10.306292175912986,-2.7871973435278057,8.5,12.98031540560941,-7.749141100316433,True
sevo,all,35-39,2.3,18,18,10,8,37.55555555555556,2.296328472324509,0.0230313268971912,1.079663640843204,33.378275473402056,5.354510350450945,12.55743936619342,1.5300884404082695,98.48313434571028,18.77869161093526,13.83228020512488,10.920059087571971,-2.890055105776402,8.75,13.850050479417344,-7.858632523363287,True
sevo,all,35-39,2.4,20,20,8,12,37.05,2.405929430946708,0.0212750369766405,1.1183418191294183,34.013463202274096,7.908292895541651,12.487025867095216,2.5605918484326318,98.2935156276077,18.714867602618817,13.070101772938909,9.74704093590228,-3.3924653918763523,8.25,12.690357992849837,-8.967826666716537,True
sevo,all,35-39,2.5,10,10,6,4,36.5,2.492658210112713,0.0282356704502917,1.199730492527597,34.07997332289815,5.5607277845065015,12.578361429926009,2.0450378885591447,98.19901157036423,19.74623901199962,13.56438681775153,9.310583327577827,-2.7638522036875623,8.0,12.53982378802913,-10.435655684421793,True
sevo,all,35-39,2.6,10,10,6,4,36.8,2.59386321252988,0.0192647924391876,1.2117825879498074,30.5262994434312,4.949122582867741,11.636343742680426,2.37751680944289,98.41773496399324,19.70483614123696,13.062762366654225,8.434860350165035,-3.8128935294521935,8.0,11.72961509821286,-11.269975791071923,True
sevo,all,35-39,2.7,12,12,9,3,36.66666666666666,2.710046120150946,0.0349153267945655,1.245972767388836,33.11698027555313,5.03814929226418,11.52276029497799,1.6609655483708643,98.58393218616644,18.88096362669453,13.20168954987566,8.586897332324565,-4.061860065665194,8.0,12.23666335239583,-10.294066294369967,True
sevo,all,35-39,2.8,7,7,3,4,37.0,2.790678008736688,0.0223084464090905,1.2941247752202407,30.605720726329658,1.8179592785619645,11.440696421638131,1.7348958105959982,98.54083855663028,19.342680253707982,13.491359492486678,8.697305574380334,-4.219235031812774,8.0,12.298555862113204,-10.645374679327649,True
sevo,all,35-39,2.9,6,6,5,1,36.333333333333336,2.8988010460640203,0.0297333844269411,1.334727615847563,32.02592011603216,3.9598741761482814,11.035676845866773,1.2925614553786189,97.81712473796472,20.305128896838685,14.022091911351003,8.937820596279199,-3.656991090549477,8.0,12.59877340455428,-11.367308300559484,True
sevo,all,35-39,3.0,6,6,4,2,37.0,2.986225058014194,0.0209766557018382,1.4169639558971134,33.58659069838209,4.595201082692366,12.21775401710636,1.1616748648428648,97.50518403641053,19.583782972581723,14.100181018495755,9.73143841654336,-3.1713707718769286,8.0,13.084286052043351,-9.852344556038364,True
sevo,all,40-44,1.0,21,21,15,6,42.66666666666666,1.007123949120028,0.0249818122024593,0.5866703903999194,48.5453453132794,7.406280980265829,16.143586015237112,1.8982307069607385,97.24747188223732,13.68977630491404,9.745949934811476,10.298754959289951,-1.9454489901130392,10.5,12.00545406101381,-3.391021345624085,True
sevo,all,40-44,1.1,22,22,13,9,42.18181818181818,1.0988932483183982,0.024253890137384,0.5910955322088822,49.07099222034555,8.995812226802641,15.751337593726136,1.988891272360494,97.3818466742382,12.852287057667851,8.810646520353608,9.244406182581724,-3.226196964674941,10.5,10.950607478881471,-3.607880875086126,True
sevo,all,40-44,1.2,34,34,22,12,41.94117647058823,1.216884782025362,0.0230233850517667,0.6505514835306516,45.958631836199295,7.853101339186359,15.30719026043171,2.259392726648429,97.9592629588556,14.247600103811456,9.79267117998775,9.517040005508308,-2.970561451810683,9.5,11.157402837360056,-4.730560098303151,True
sevo,all,40-44,1.3,31,31,21,10,42.0,1.303512868202812,0.0284019011675095,0.6545915364379173,44.49020219929116,6.587817553573555,15.009189094132394,2.1715914021766984,97.99321679767742,14.273234346936013,9.796795721771222,9.667948070888569,-3.3472032904936166,9.5,11.346413612122085,-4.605286276047443,True
sevo,all,40-44,1.4,39,39,27,12,41.74358974358975,1.4018031978999606,0.0205411900425325,0.6954306876885855,44.44267127321572,8.147777361272604,15.310729286006184,2.3235384085971678,98.7175046058292,15.131396450690437,10.66757273639349,10.515753618429477,-2.308655978698745,9.5,12.32911963603554,-4.615642832260959,True
sevo,all,40-44,1.5,53,53,39,14,42.13207547169812,1.5029484823502823,0.0177132219658698,0.7359393345080785,44.07718120597584,7.607397083001801,15.044600173306163,2.1353922503130818,97.94786826670168,15.143774749160068,10.29074926781302,10.067525592840791,-2.824888962249379,9.5,11.79804888418283,-5.076249156319277,True
sevo,all,40-44,1.6,56,56,39,17,42.10714285714285,1.599055430940574,0.0159859263610599,0.795705919679451,42.04733957441612,7.126879123143775,14.679881192933925,2.0081788962697305,97.91392461010034,15.483126053838053,10.703154623058138,10.191743007358308,-3.035733595634418,9.5,12.094050584140447,-5.291383046479747,True
sevo,all,40-44,1.7,54,54,36,18,42.129629629629626,1.7006067021424385,0.0226734175340999,0.8177740476455378,40.2495481170392,7.486802897300654,14.15403027570128,2.04395296743056,98.1457144576918,16.28754595579771,11.212913844504577,9.976596720098998,-3.07800024718767,9.5,12.108455506591078,-6.310949235698714,True
sevo,all,40-44,1.8,33,33,23,10,42.03030303030303,1.7939237810332669,0.0276103408375542,0.8827615927269852,39.56992386040664,7.485280739911666,14.031706400360497,2.1715524157648085,98.18221189826728,16.42291001832597,11.208473395989513,9.504562447771209,-3.375732930225486,9.0,11.640235574692346,-6.918347570554765,True
sevo,all,40-44,1.9,58,58,38,20,41.93103448275862,1.9054225935072144,0.0171983495233853,0.9202346936948116,37.40627582235498,6.051801691536157,13.700870641318804,1.866214855305549,98.24452073965436,16.884981152161796,11.79521579579817,9.683119780223633,-3.4681078700802046,9.0,11.940145964136391,-7.201861371938166,True
sevo,all,40-44,2.0,56,56,39,17,41.83928571428572,1.9984844570922653,0.0194994715779196,0.9710409625140268,37.887164479828925,6.956776392099962,13.8741323553059,1.9016489727414956,98.04277064401124,16.839660891108274,11.902300176395926,9.84414269708509,-3.18089365738266,8.75,12.353741859135257,-6.995518194023185,True
sevo,all,40-44,2.1,50,50,35,15,42.06,2.1009510956822584,0.0168642867185494,1.0092506526150584,37.12896821960062,6.73016887033171,13.653905736117313,1.8332661240165409,97.9156134471794,16.377590726944558,11.54714342622412,9.300812887619326,-3.88327399874372,8.5,11.8080100007186,-7.076777839325229,True
sevo,all,40-44,2.2,46,46,28,18,41.891304347826086,2.204427816238645,0.0203216008266049,1.046005299872469,35.8156690010531,5.890877176365941,13.23581826324858,1.979262607159592,98.08512245073264,17.01803157704156,11.953492661926846,9.191755910828237,-3.839580150411673,8.0,12.016733844225598,-7.826275666213326,True
sevo,all,40-44,2.3,25,25,18,7,42.64,2.2932203040979804,0.0259695361455534,1.1016802315994476,34.56876769645015,6.023380974074285,12.58286797064046,2.263728078222756,98.1119272216757,16.990894967207993,11.62789201961644,7.651911392081509,-4.859256969243781,8.0,10.977017509208206,-9.338983575126486,True
sevo,all,40-44,2.4,27,27,18,9,42.407407407407405,2.4012032934918675,0.0189553426217267,1.1454376790994478,34.99939069469678,5.671817448902374,12.482684946050982,1.7288866167067116,98.16076822836456,17.149237163773677,12.079300445078829,8.24188002131865,-4.595561900087652,8.0,11.600328539647158,-8.907357142455025,True
sevo,all,40-44,2.5,14,14,9,5,42.85714285714285,2.501102591616412,0.0290317040317542,1.2036114564586786,34.22428289203949,6.273328087129561,12.646088577900082,1.9194072682475805,98.3657869757641,16.961901252128254,12.28814622383061,8.218511789374805,-4.549650997925028,8.0,11.599000031763795,-8.74338946275345,True
sevo,all,40-44,2.6,14,14,9,5,41.85714285714285,2.594387031630391,0.020377921702795,1.2222726263948491,34.67017022746482,7.571099813312573,12.512749790112,2.0656415993342487,98.7511275500414,18.07652257101105,12.652020629299232,8.712168472022853,-3.899934795683301,8.0,12.23338256743793,-9.364354098988198,True
sevo,all,40-44,2.7,12,12,7,5,42.41666666666666,2.692526048738768,0.0291185162125781,1.2907285915131474,37.29897678061906,7.1422433188167656,12.488248235225264,2.117861168581979,98.01689692723257,18.133792284630307,12.15335336818947,7.359870012323053,-3.718433046029333,8.0,11.090568501605915,-10.773922272307251,True
sevo,all,40-44,2.8,10,10,7,3,42.9,2.802464190404862,0.0168795178157192,1.3470924127024289,33.67242314555993,4.428440743548503,12.060218343020727,1.0942931059550194,97.2111659224828,17.38447278864386,12.35732136358642,7.891593616954863,-5.060858024342831,8.0,11.332502511953184,-9.492879171688998,True
sevo,all,40-44,2.9,7,7,4,3,42.57142857142857,2.9126060718493094,0.0226465511999804,1.3963048487724292,37.64715221499404,4.2130011599379085,11.974210755935028,1.001159942334341,98.31559531206176,17.38352515445025,12.4352881115755,8.375572799243924,-4.817360791131386,8.0,11.82410198466236,-9.007952355206326,True
sevo,all,40-44,3.0,3,3,3,0,43.0,2.992495680264094,0.0349788748337657,1.4239995478523069,44.93874351539546,3.552065715611872,12.048666874215836,1.4317416586221818,97.32897185699808,17.630315763096824,12.046753921320926,8.228617505660933,-4.177926017827121,8.0,10.82888359375913,-9.401698257435893,False
sevo,all,45-49,1.0,41,41,25,16,46.95121951219512,1.010697888785299,0.0271388059403687,0.5922141812864323,46.630468280649765,9.490276470872455,15.536233870282285,2.55893396747676,98.2097255812549,13.647059926299937,9.593788399348142,9.19769464156384,-2.750853543534089,10.0,11.124464400727987,-4.449365284736095,True
sevo,all,45-49,1.1,43,43,22,21,47.02325581395349,1.0996156020646792,0.0257175815718788,0.5885534832693091,47.31478679926503,11.371482321902915,15.66453983883352,2.7056029557766488,97.81506316136252,13.402892815081612,8.952652839806847,8.86966881027418,-3.112318571535498,10.0,10.771110102641462,-4.533224004807436,True
sevo,all,45-49,1.2,45,45,27,18,46.95555555555556,1.198281559055947,0.0276151723488756,0.6230868222678286,46.50744487902633,9.519848898291954,15.611493359386092,2.1677201606114664,97.92439390085364,13.788703236209788,9.829324495057593,9.705411714417776,-2.972564213228736,10.0,11.40174918467594,-4.083291521792012,True
sevo,all,45-49,1.3,51,51,34,17,46.76470588235294,1.301521748225083,0.0249947618131904,0.6627962988943966,48.29762085527912,8.718594357756832,16.01059391271518,2.3582159181572773,97.52650902604356,13.531034251114445,9.55926056851285,9.854418180543927,-2.618788513906003,10.5,11.36195127507526,-3.676616070570518,True
sevo,all,45-49,1.4,73,73,49,24,47.28767123287671,1.4033397322419614,0.0208986775203139,0.7028520006863465,45.7547450331044,7.595376826624085,15.43259981367992,2.084954941604148,97.95923486724836,14.270046286064732,9.91503585266102,9.639942006827248,-2.9125838298397912,10.0,11.226764226184592,-4.630104279237482,True
sevo,all,45-49,1.5,83,83,55,28,47.32530120481928,1.4977125685690085,0.0234723158619688,0.744015040189443,43.748421005243394,7.341884367840477,15.050109902734915,2.1233176699989187,98.05102104292098,14.721905687657951,10.25973384423185,9.683088036702996,-3.1976976079117483,9.5,11.47960707756306,-5.038817650954957,True
sevo,all,45-49,1.6,74,74,38,36,47.28378378378378,1.5958650277333906,0.0185174738925711,0.8079005760379315,43.46540998295789,7.469584622757424,15.043062372675989,1.8794915843852384,98.04177310802378,15.086607384049806,10.32825640775288,9.672369266561184,-3.138699041990375,9.75,11.369277594125007,-5.414238117488623,True
sevo,all,45-49,1.7,71,71,42,29,47.2112676056338,1.7080393841928485,0.022661932138059,0.8412866797174127,42.13844867698639,6.688378875558144,14.6653871941542,2.0648817055156607,98.00235641243312,15.566426028126347,10.673605280787289,9.532776781066891,-3.3401714613931675,9.5,11.336846687444368,-6.033649247059457,True
sevo,all,45-49,1.8,58,58,40,18,46.82758620689656,1.7940825671722962,0.0245138905725964,0.9038171114218716,41.37703126069672,7.148215613468777,14.499464444606833,2.3311574680205167,98.02705493959031,15.741565041173468,11.067631200585833,9.509315617171945,-3.214777535429671,9.0,11.541289435648036,-6.232249424001525,True
sevo,all,45-49,1.9,71,71,42,29,47.140845070422536,1.9035674109846183,0.0232172247260191,0.948556510236512,38.66747250448335,6.093659780261929,13.826891245027488,2.048001391665899,98.29408707909042,16.131844053913174,11.126270786176429,9.11226697217699,-3.866440284194728,9.0,11.299074210303116,-7.019577081736187,True
sevo,all,45-49,2.0,83,83,50,33,47.12048192771084,2.0023468757950584,0.0198583367189862,1.0004743188431666,38.27660155239474,6.367373691420852,13.80727096438692,1.7267751386283858,98.0464589090412,16.2263267297459,11.531596049227463,9.385392945494464,-3.7188219818899855,9.0,11.716515682112252,-6.840933784251439,True
sevo,all,45-49,2.1,68,68,43,25,47.11764705882353,2.104011392143701,0.0204769596659741,1.0317324450801073,37.21134392996593,6.697766199382405,13.449936727237176,1.734419517479945,98.10175950106452,16.237245597660976,11.656950323085768,9.316383191153417,-4.10099442647621,8.5,11.801808753829,-6.9208624065075615,True
sevo,all,45-49,2.2,63,63,40,23,47.12698412698413,2.2061928783237894,0.0220134317225231,1.1064039962132162,37.38782678191309,6.175591751038398,13.306542248488771,1.7780387977591088,98.03495128288786,16.72720926072026,12.073599998106369,9.415321199722207,-3.8999430591212096,8.5,12.126362924391248,-7.311888060998057,True
sevo,all,45-49,2.3,27,27,20,7,47.44444444444444,2.2951121185371584,0.021951166778157,1.1350984074244346,36.93145857201314,5.685088950485859,12.592196962467314,1.8427309341881035,97.77401343070798,17.509132830316666,12.327740260179931,8.827183092099933,-3.940139898662318,8.0,11.85228196826133,-8.681949738216732,True
sevo,all,45-49,2.4,40,40,24,16,47.25,2.401212138682604,0.0223605349655102,1.209481964429336,36.531017089762415,6.228327839441359,13.026008165174474,1.858605646920088,98.3754999885708,16.680495301648286,11.777933685291044,8.969036725684031,-4.400557855995334,8.5,11.7831909609753,-7.711458575964253,True
sevo,all,45-49,2.5,22,22,14,8,47.04545454545455,2.4951032724224427,0.0290050430544227,1.2351932595074742,36.748373579866055,7.771647481245904,12.526770845857085,2.3083360046783565,97.95223928640286,17.72285704053307,12.327576638889155,9.01480404286026,-3.805729488714421,8.0,11.827084854947577,-8.708052997672812,True
sevo,all,45-49,2.6,32,32,16,16,47.375,2.594564556037949,0.0224149485973752,1.290302105966354,36.00759338062878,7.324520274802419,12.603240400901996,1.9204599442917945,97.76033371087784,16.9193724155466,11.693283431921406,7.857563249054641,-4.774924468326407,8.0,10.968714417181337,-9.061809166491958,True
sevo,all,45-49,2.7,27,27,14,13,47.333333333333336,2.700206422741973,0.0215868715784666,1.334185680013472,37.10825303995315,6.096573113122045,12.51543791460356,1.530253433075268,97.66548597021604,17.583152866833263,12.34149142745134,8.324832528906116,-4.093893820129437,8.0,11.6277363964086,-9.258320337927149,True
sevo,all,45-49,2.8,8,8,5,3,47.875,2.8053409683421098,0.0112820268444129,1.4158951622395155,38.59174403309201,5.240419624056142,12.156904353325563,1.85121569414166,96.21474517919124,16.153922969312806,11.167920314956811,6.601524450933591,-5.3750580798061485,8.25,10.065609646396611,-9.552398518379212,True
sevo,all,45-49,2.9,10,10,5,5,47.6,2.8985781734700624,0.0224472339468133,1.4409596213403468,35.42010543461889,5.914084503506348,11.029996269953749,1.4737420183354133,98.42956476668516,17.64624212792463,11.844500622394165,6.364923785656738,-5.738342003629639,8.0,10.158266675916236,-11.281318342267893,True
sevo,all,45-49,3.0,3,3,2,1,46.333333333333336,3.000818136153329,0.0354077305432692,1.4585937401279807,36.69970701038837,0.3934666193386344,12.202569421297971,1.2688461300113754,96.71432018395927,18.27884268201682,11.202025365799264,5.216424483629009,-3.80627437161805,8.0,8.705128688420988,-13.062418198387812,False
sevo,all,50-54,1.0,49,49,29,20,52.36734693877551,1.0018506883913618,0.0260017709744937,0.5923212997180958,48.62016451570149,10.386931631571366,16.094750870699635,2.645295292950384,97.9506142035228,12.521477725828047,8.887383960262001,8.885204693233634,-3.2363366527771005,9.5,10.716042623129352,-3.636273032594414,True
sevo,all,50-54,1.1,48,48,32,16,52.54166666666666,1.1000062597348006,0.028206989479694,0.6108471810479387,48.30685183679582,9.1013801903122,15.768199444095243,2.525807768240381,97.87275802175412,13.27666424765628,9.464303436049663,9.705455840561315,-2.790338687270054,10.0,11.679314657856825,-3.5712084070949657,True
sevo,all,50-54,1.2,55,55,29,26,52.52727272727272,1.2073520561201838,0.0218553527600091,0.6731013378694258,46.59653327611134,9.19431109271793,15.83261686884657,2.342916060142872,97.56264149105009,13.631916159701207,9.645580725665036,9.31919535145137,-2.8259908720314924,10.0,11.093563894309812,-4.31272080824984,True
sevo,all,50-54,1.3,75,75,45,30,52.14666666666667,1.2970182886848018,0.0254228057627417,0.6861607669422713,44.861252526556456,8.471108695877042,15.500649668409594,2.153021099603334,97.97065026807786,14.544722609296446,10.515117023223429,9.73555648781204,-2.5682910561461747,9.5,11.641623558008773,-4.809166121484405,True
sevo,all,50-54,1.4,85,85,50,35,52.27058823529412,1.4018153890901628,0.022718363749268,0.7227457047722248,45.11696424893304,8.906719231444438,15.445193842235296,2.326193845617338,98.08324271018014,14.489394494258974,10.128921166715209,9.277095415474086,-2.975586190285274,10.0,11.051625089920533,-5.212299078784888,True
sevo,all,50-54,1.5,82,82,43,39,52.24390243902439,1.5023077050840097,0.0215924831464097,0.7823436752938461,45.3920629120606,8.02506497448823,15.529595284347945,2.2395548636712395,98.01013285044613,14.302463072680448,10.069806121925724,9.43065408301617,-2.910198215334065,10.0,11.261562193450942,-4.8718089896642764,True
sevo,all,50-54,1.6,97,97,57,40,52.154639175257735,1.596489833877502,0.0214521685025456,0.8112214162687713,43.36745408489353,8.037667342309367,14.993538853908888,2.330206378079834,97.8186364409696,14.965946238376114,10.372542030923215,8.98523922680298,-3.210134051177556,9.5,11.069899213496615,-5.980707011573135,True
sevo,all,50-54,1.7,78,78,40,38,52.05128205128205,1.710903222179916,0.0211600986755712,0.8764349528383882,42.30036582726285,7.985987644995135,14.658395597114204,2.5147860845369325,98.10282986595207,15.298302075393494,10.40752306229914,8.711669919559466,-3.516700298027705,9.0,10.869156545896256,-6.586632155834027,True
sevo,all,50-54,1.8,65,65,39,26,52.246153846153845,1.7952657957950555,0.0216738062104393,0.9122599996812044,39.96151793329189,6.613460222705861,14.441867898655817,1.9658254919056937,97.61625425915688,15.690959321960008,10.983619049986586,8.716814351811307,-3.444889747566685,8.5,10.969222182305373,-6.974144970148699,True
sevo,all,50-54,1.9,75,75,44,31,52.24,1.9039934671116576,0.0196289184654715,0.9928241312390504,40.90758159862293,6.830284121391047,14.083725665056042,2.1116605045236465,97.692066818032,15.541498489438426,10.85379908161767,8.320978722908436,-4.07935350262916,8.5,10.631798377048144,-7.220519766529994,True
sevo,all,50-54,2.0,71,71,39,32,51.985915492957744,1.9998809660964167,0.0231652992424021,1.0103420291211294,39.10165326072891,6.553714986464656,13.758746489122544,2.084320441342008,98.03465131787068,16.399865384464306,11.823527175617064,8.95187576339431,-3.5869886717730406,8.5,11.592995474480146,-7.447989621069995,True
sevo,all,50-54,2.1,77,77,40,37,51.922077922077925,2.1036662223981697,0.0230837796339843,1.068161456228246,39.48509190027397,6.6183164083617125,13.593562497248575,2.0964333541001072,98.2116986950045,16.071500181974997,11.627654423210368,8.285754051307869,-3.9707250004872607,8.0,11.072526364972946,-7.785746130667128,True
sevo,all,50-54,2.2,66,66,33,33,52.07575757575758,2.2014652533504897,0.0256981655020111,1.1125069303038255,38.58460158311734,6.558151716909343,13.567064349461498,1.986622884585959,97.66518133779368,16.27512542664141,12.004499038411447,8.425706649980034,-3.832789995364514,8.0,11.440556893889957,-7.849418776661373,True
sevo,all,50-54,2.3,41,41,26,15,51.75609756097561,2.3016031381257664,0.0240044621544439,1.1826537405941409,37.70755588399867,6.640430291818473,13.346633708452792,1.9046714647652825,97.8761132238357,16.66396418430005,12.034214812059744,8.488836546393443,-3.8379367340057255,8.0,11.44907686182922,-8.175127637906606,True
sevo,all,50-54,2.4,58,58,30,28,51.94827586206897,2.4013924008660856,0.0235556028678456,1.2116275235356215,37.589119078848384,6.1169824714343655,13.113116189914532,1.787223174365472,97.90415094079472,16.3340968854868,11.658369415938347,7.58416079309348,-4.356402272800843,8.0,10.610718930940571,-8.749936092393323,True
sevo,all,50-54,2.5,26,26,14,12,52.0,2.500031800480344,0.0272689617514875,1.2725941425738618,37.35589567248065,5.872352758293286,13.443325108535683,1.5112920358269937,97.73367610355984,15.564334448441086,11.413513714644834,7.5574310276446095,-4.582279331462771,8.0,10.385233359160935,-8.006903420796478,True
sevo,all,50-54,2.6,29,29,15,14,51.82758620689656,2.6041217130533925,0.0216603200857493,1.3353629847110686,38.1716724872375,5.226291781611609,13.00061959537367,1.660452380678755,98.21038009209194,16.575983550161403,11.590425295212968,7.753718552466647,-4.450362753440984,8.0,10.55170956496144,-8.822264997694756,True
sevo,all,50-54,2.7,22,22,12,10,51.90909090909091,2.7017806145440164,0.0220984547319099,1.4195821301256673,39.71486503113288,7.622057913881421,12.610621434639237,1.507741537943607,98.12433343759992,16.85464758118056,11.708518209871016,7.0687182594754265,-4.5107512361763495,8.0,10.194858637414058,-9.785929321705131,True
sevo,all,50-54,2.8,14,14,7,7,51.5,2.7923474627081304,0.0241988878010546,1.4272228249243373,37.60470981144657,5.597807707187837,12.350743486985031,1.5519705267102897,96.80588425447544,16.855318557353964,12.316784263253847,6.972684124221977,-4.956763534944176,8.0,10.286937218922215,-9.882634433131988,True
sevo,all,50-54,2.9,14,14,5,9,52.21428571428572,2.894746614380607,0.0222635678277069,1.4820898403369245,38.24254232478284,4.938392601046518,13.067900525712009,1.7448215159934628,96.80076907415476,15.552308693363392,10.913431118720606,5.806390611396437,-5.008303271339529,8.0,8.941914716737141,-9.745918081966956,True
sevo,all,50-54,3.0,8,8,5,3,51.0,2.994899091576614,0.0185314846054296,1.508534344494304,35.613257613033056,3.394096444753728,12.237025870662183,1.3467604234476809,96.2076851805672,17.135330706244517,11.918595545788166,5.959571367843448,-4.5418002477921,8.0,9.90633273766213,-11.175759338401068,True
sevo,all,55-59,1.0,72,72,30,42,56.97222222222222,1.0063989293503388,0.0255450059746753,0.6118170449810147,46.154604046346826,9.676611507459928,15.704988253873738,2.707710526438548,98.17343805082557,12.689602012629727,9.158831897757509,8.245848321657716,-3.5254799301956523,9.25,10.25802753988157,-4.44375369097201,True
sevo,all,55-59,1.1,80,80,36,44,57.125,1.10350457802866,0.0237367219632878,0.6238011237194344,47.7222082432732,9.88332193230888,16.089240927324475,2.6118746938920028,97.77376476636157,12.52842844179613,8.781363336719595,8.816955560931403,-3.030907203755256,10.0,10.851030362590908,-3.711472880864727,True
sevo,all,55-59,1.2,84,84,34,50,56.98809523809524,1.2016999397079446,0.0250823366166528,0.6701532426899085,47.75655893790166,9.565105295774783,15.981294169741876,2.540714153604544,98.0190501935721,13.012479209189502,9.296125589800866,8.895649654529178,-3.02442509250709,9.5,10.828516274982071,-4.116829554660324,True
sevo,all,55-59,1.3,100,100,43,57,57.18,1.296600623817416,0.0231727450602217,0.7240021465162281,44.43644466937582,8.566946011009355,15.222122169297188,2.352664037022913,97.70108451316256,14.041682471772546,9.98758281316656,8.57286175973756,-3.4830407878740157,9.0,10.814513768783012,-5.468820712034987,True
sevo,all,55-59,1.4,121,121,58,63,56.950413223140494,1.3991616412553072,0.0218509598958617,0.7547682048550058,45.00120202046678,8.812866341971528,15.558099547643266,2.08639171925954,98.0965059061845,14.327269857719124,10.483582846166632,9.531220955268545,-2.676522214567896,9.5,11.56963333526245,-4.79604890245058,True
sevo,all,55-59,1.5,125,125,51,74,57.008,1.4993559373941272,0.0224720961272859,0.8067961002057418,44.69069739483595,8.77313024826077,15.376937867139777,2.489272838285985,98.01747490248282,14.693153534693511,10.685056021635024,9.521264985949482,-2.7922125388982195,9.5,11.539793380501765,-5.171888548744027,True
sevo,all,55-59,1.6,132,132,62,70,57.09090909090909,1.5994055530829518,0.0215235645172781,0.8340952544376393,43.2085055286601,8.54589479801675,14.87440260333724,2.309393663323991,98.14387324505832,15.1314270048603,10.916638982141896,9.298683911563243,-3.1341112987119,9.0,11.475438018783771,-5.832743093297054,True
sevo,all,55-59,1.7,130,130,50,80,56.92307692307692,1.7055788079963234,0.0213329232869936,0.9120130538652974,42.68334894767175,8.088389694947175,14.875798104617935,2.2588900236418747,97.99298424664217,15.113337273742566,10.890557229567484,9.117097396884738,-3.2490194160382773,9.0,11.341408175777516,-5.996239876857828,True
sevo,all,55-59,1.8,96,96,49,47,57.208333333333336,1.7932642685513809,0.0222004481283729,0.94856844247204,40.324726090375854,6.4978358503699205,14.567652463771973,2.1052952073979165,97.79473539269011,15.695466751947166,11.30647511748822,8.672755701498717,-3.157796394530907,8.5,11.105731447982253,-7.022711050448447,True
sevo,all,55-59,1.9,131,131,62,69,57.05343511450382,1.8981021148751016,0.0213503667928854,1.010936408272308,39.54745190200365,6.744313723233984,14.190586844104658,2.04924220313729,97.82326543857806,15.934233003023602,11.466623118462987,8.581669940539443,-3.553232663117128,8.0,11.127510982673668,-7.35256306248416,True
sevo,all,55-59,2.0,117,117,57,60,56.94017094017094,1.9975308729979104,0.0207580019216877,1.030740636358226,40.17853147184152,7.106114295595387,14.288406523758614,2.1510156254167625,97.8702028505398,16.0470552538382,11.691819793528188,8.612970755865938,-3.2862296130983144,8.5,11.126305787503318,-7.434084497972261,True
sevo,all,55-59,2.1,102,102,42,60,56.97058823529412,2.098927431345196,0.0233266971226676,1.1026186106355975,39.40118902608435,6.9009889599390695,13.984794613799032,2.1081533412533515,98.08824552828872,15.715992532365254,11.456103367734926,7.999431075903137,-3.922282229954511,8.0,10.833250085272883,-7.716561456462115,True
sevo,all,55-59,2.2,80,80,32,48,56.7375,2.2031300681844974,0.0217391727038264,1.1620788086006846,38.56517953477489,6.519682177732712,13.75284038249869,2.037160301200548,97.88518137805784,16.164492288419048,11.932590882635235,8.227525031030215,-3.77220201522676,8.0,11.181010360618322,-7.936967257388835,True
sevo,all,55-59,2.3,42,42,15,27,56.95238095238095,2.2924006299437245,0.0240852811692906,1.2071027460293695,39.1790553724955,6.911671506521376,13.469005221777431,2.187349217333273,97.47650771311352,16.25491806023669,11.778078581157736,7.155839877328473,-4.094301160122743,8.0,10.390186976110014,-9.09907818290822,True
sevo,all,55-59,2.4,52,52,24,28,56.88461538461539,2.4010863012114827,0.0232386448507468,1.2547440945657375,38.31933779693806,6.56469650338741,13.810520645442349,2.133768425474668,97.76817232151636,16.022306585624918,11.619023413004332,7.531466374357252,-4.006485395043568,8.0,10.509856125746843,-8.490840211267665,True
sevo,all,55-59,2.5,36,36,9,27,57.02777777777778,2.4943062874872277,0.0255499219602036,1.299567388260901,37.096087265280254,6.051988952661108,13.212421557602164,1.780131388678367,98.09293902185227,16.07579941237887,11.873282291227598,7.2377624643683935,-4.356414882107094,8.0,10.56885103189644,-8.838036948010478,True
sevo,all,55-59,2.6,34,34,15,19,57.0,2.603683312762957,0.0241572918384043,1.3762457623451207,36.8596070753447,5.812478317718427,12.877593836579106,1.497035133820538,97.38584868923998,16.174022117455802,12.132342346730658,7.168435464872343,-4.4489398719495465,8.0,10.722270679208876,-9.00558665258346,True
sevo,all,55-59,2.7,32,32,13,19,57.09375,2.70001017802036,0.0265334192223623,1.418038514956182,35.90071917845635,7.305938739772851,12.977058489496509,2.1918823092643667,97.4871841990544,15.765536792605086,11.551287896194188,6.441955736677782,-4.923377417820368,8.0,10.151030299350529,-9.323581055927304,True
sevo,all,55-59,2.8,22,22,8,14,57.04545454545455,2.808359663894005,0.0238353414727993,1.4600591760834285,37.064031071396485,4.136932640078162,11.901700776313064,1.6082112669764432,97.30654295276511,16.38113002553084,11.819074948557928,6.376328742192058,-5.485662999998889,8.0,10.084423912264072,-10.004801283338784,True
sevo,all,55-59,2.9,15,15,9,6,57.13333333333333,2.883950997010494,0.0180309383974148,1.4921341127985055,35.83530678865811,4.345093005347101,12.745543651762937,1.7524419415180448,96.95813278638654,17.550249378392397,12.931847880409926,7.555370430577787,-3.6100106195517783,8.0,10.835246671591928,-9.99487894781461,True
sevo,all,55-59,3.0,11,11,5,6,57.27272727272727,2.990682426828778,0.026996530609778,1.6012872945439691,38.00977266943365,6.214536029002725,12.468655999586211,1.5607317969840373,97.52802752974358,16.414000384664998,12.351533171421377,6.635305921735866,-4.687213130020154,8.0,10.224478586894756,-9.778694462929131,True
sevo,all,60-64,1.0,73,73,27,46,62.12328767123287,1.0013175142361763,0.0266466548525337,0.6231573825440535,48.517959186524905,9.291905246035226,15.916302807137503,2.609869837081762,98.4448925144256,11.999857193087395,8.740167719248173,8.346065466364164,-3.781756314618737,9.5,10.394201579560187,-3.653791726723232,True
sevo,all,60-64,1.1,77,77,27,50,61.96103896103896,1.1041560342144807,0.0266825155529465,0.6688981489484497,48.03766899364335,9.611122145128377,15.938308307297076,2.9457738954212704,98.05789467196314,11.832445532984853,8.518827080025718,8.184308205882402,-3.990424823677421,9.5,10.332821369136736,-3.648137327102451,True
sevo,all,60-64,1.2,85,85,30,55,62.03529411764706,1.2027289608828542,0.0270653597196089,0.6826096910300811,49.15044790657274,8.964471893616903,16.34664095969688,2.353746174302158,97.86786861005952,12.435741526177129,8.642238637462516,8.342098640807345,-3.232576159844468,10.0,10.439003864729267,-4.093642885369782,True
sevo,all,60-64,1.3,91,91,41,50,62.05494505494506,1.2917778921253031,0.0241104310220472,0.7221622422074851,46.4983328982096,8.353380380450833,15.777196548443849,2.3431809678210747,98.0893018257869,13.603695243881212,9.806558190982576,9.000534687207226,-3.091470868232998,9.5,10.98579142143548,-4.603160556673985,True
sevo,all,60-64,1.4,129,129,55,74,61.82945736434109,1.4016845606293322,0.0211845690808399,0.7748951813878999,46.82111485120708,8.064343261648368,15.927190917708671,2.287594020175493,97.89393929190722,13.37252350921647,9.331973586601302,8.477172572180995,-3.2149311295781344,9.5,10.394105912040857,-4.895350937035476,True
sevo,all,60-64,1.5,137,137,58,79,61.97080291970803,1.5012092270270907,0.0199837403518035,0.8096583775545181,46.05439081839637,8.56340067760959,15.81761384292884,2.283680683872043,97.87497917071094,13.738119445597002,9.873932499580016,9.019589662427723,-2.973264353883406,9.5,10.939437936880744,-4.7185297831692745,True
sevo,all,60-64,1.6,131,131,56,75,62.00763358778626,1.5957167142650834,0.0195485597232107,0.8640170197956425,45.20083347940415,8.457975680594517,15.605340455328388,2.1363194419057936,97.93496791350704,14.048780443458387,10.167812952243825,9.050530281424358,-3.1008953077344845,9.5,10.969532677263071,-4.998250162034029,True
sevo,all,60-64,1.7,104,104,41,63,62.04807692307692,1.7045983859546818,0.0238422033020825,0.9245013765858274,44.33005106287937,8.430492211740978,15.365338464921267,2.143789983866644,98.06436305249062,14.489691803257342,10.287249876693863,8.742392484910415,-3.276689099894555,9.5,10.852538801704368,-5.747299318346927,True
sevo,all,60-64,1.8,104,104,46,58,61.88461538461539,1.7947604641534731,0.0247065288574854,0.991390598693173,40.79725834926805,8.114920681106378,14.629361402850527,2.4133858066919687,97.96106285211177,15.002294383327897,10.861838999978971,8.236333184326593,-3.74080775739587,8.5,10.879486272263431,-6.765961199001302,True
sevo,all,60-64,1.9,131,131,51,80,61.91603053435114,1.903048938754875,0.0196857245043425,1.017870551613207,41.07139594949137,6.998265698002374,14.63715920714524,2.0332370317947683,97.91434925438566,14.952597347032508,10.833173311087933,8.175791287454135,-3.819532825017737,8.5,10.598513904144268,-6.776806059578371,True
sevo,all,60-64,2.0,119,119,55,64,61.90756302521008,1.9989798767368256,0.0197379996215454,1.089331413671004,40.84827960596762,7.0203489408531805,14.422974752464674,2.208527913086648,97.9854105288408,15.379786906977282,11.526649260247092,8.497601087284998,-3.4825187937217565,8.0,11.19730771363815,-6.8821858196922845,True
sevo,all,60-64,2.1,108,108,37,71,62.03703703703704,2.100345462677213,0.0227697094918674,1.1336371779985823,39.98225484532591,7.755214549923799,14.279681494325562,2.2096255413255728,98.114720112812,15.026272769236268,11.103277334095894,7.810530099537975,-4.158378470990993,8.0,10.622712472823128,-7.215742669698294,True
sevo,all,60-64,2.2,80,80,26,54,62.0,2.194039077058163,0.0235591584018865,1.2068565639293714,40.13253287549441,7.363756907435818,14.06685423590786,2.4539637122060807,97.69919272970408,15.10303201819695,11.122261448175063,7.222482977341036,-4.21476019597304,8.0,10.348525035549583,-7.880549040855914,True
sevo,all,60-64,2.3,45,45,17,28,62.06666666666667,2.2967994688233984,0.0226966391237307,1.229161766470686,38.92572637914508,6.231704950847445,13.782577849201582,1.6713244328779138,97.9734841221571,15.868113423296204,11.918296770517893,8.28881440173519,-3.8705463834065226,8.0,11.128198528923583,-7.579299021561015,True
sevo,all,60-64,2.4,54,54,20,34,61.94444444444444,2.396202924970342,0.0214101379798083,1.301039465250919,37.90615353605676,6.701195916776079,13.611808836774005,2.1530847140078926,97.7687545604084,15.774979584953256,11.730029254918405,7.203976711948678,-4.316772668640421,8.0,10.636235278024094,-8.571002873004577,True
sevo,all,60-64,2.5,36,36,13,23,62.25,2.496568649069673,0.0260754113005099,1.3616764075298744,38.90529653848046,6.328626008978071,13.218885278199902,2.109956185423764,97.49632019517874,15.980632436842528,11.17101304119634,6.483494553440158,-4.644929815187755,8.0,9.667875968002498,-9.497137883402372,True
sevo,all,60-64,2.6,33,33,14,19,62.15151515151515,2.601343450217856,0.024956624448892,1.418808969390588,39.242309016610186,7.016016389414722,13.591810797416429,1.8923034900435427,97.56222741021352,15.292307228101883,11.46041937363264,6.474739014399151,-4.684638864811532,8.0,9.890935223145606,-8.817568213702735,True
sevo,all,60-64,2.7,30,30,12,18,62.266666666666666,2.7048201072743785,0.0225356727494273,1.4640006406716486,37.12656661012935,7.30567475296784,13.543700381769902,2.1968696500580966,97.39138668500716,16.015221062149312,12.204135634780124,7.081592799761818,-3.929121884946334,8.0,10.362712806587366,-8.933628262387494,True
sevo,all,60-64,2.8,20,20,9,11,61.8,2.7937835313154697,0.0237099937350054,1.5131031899449106,36.66699768319727,6.248104662661227,13.558527631759642,2.2471935903147435,97.58230539225042,16.649585755670365,12.213811140165344,7.151204996882123,-3.880780982613548,8.0,10.498569357648062,-9.49838075878824,True
sevo,all,60-64,2.9,9,9,4,5,62.66666666666666,2.9068612875934274,0.0264110311208659,1.569076260682023,36.60987406650352,6.57693157835626,13.221692331438817,2.122005668100852,97.24861113467702,16.868246070865425,12.915863385758898,8.039105260031704,-3.739457079621869,8.0,11.348804764885251,-8.829140810833717,True
sevo,all,60-64,3.0,5,5,1,4,62.2,2.9868450561134763,0.0280394274356402,1.613460962739773,33.23852472727497,5.911758982978826,14.110313126022618,2.1003668673726925,97.93008627831937,16.026862829755427,10.876501983454975,6.492460421926792,-4.290563822204655,8.0,9.713575321676242,-9.534402407828637,True
sevo,all,65-69,1.0,54,54,16,38,66.9074074074074,0.99925950220089,0.0259441406139226,0.6109622269450617,49.21728996633564,9.69208544443114,16.360419200195206,2.5003393180390105,98.11917820501108,11.785783537357998,8.641492221420625,7.936793514854954,-3.4425521362491085,9.5,9.773397400221343,-3.848990022503043,True
sevo,all,65-69,1.1,57,57,18,39,66.98245614035088,1.098608960959875,0.0254808157166968,0.6509798903329017,49.94084145057707,8.766189735366067,16.75285522407302,2.6130454624885404,98.35668518661755,11.756385524875014,8.156841427622906,7.846294146960066,-3.3499379108538334,9.5,9.687662116417664,-3.9100913779149487,True
sevo,all,65-69,1.2,61,61,18,43,67.08196721311475,1.2068009514514295,0.0269245424114039,0.7296249586856628,48.45277559772704,8.50976417457194,16.22864636201615,2.439208579092129,98.37965517837168,11.986330924883758,8.195514888340577,7.395115168256202,-3.8577821367915166,9.5,9.352304270029167,-4.591215756627554,True
sevo,all,65-69,1.3,81,81,31,50,67.08641975308642,1.297634198429655,0.024079491062495,0.7327786567607998,47.11517283247301,8.676402383809888,16.027039367769202,2.08974385963373,98.02845412589028,12.886587557139064,9.258664698331684,8.74349987083225,-3.3382902062748268,9.5,10.516240382097973,-4.143087686306812,True
sevo,all,65-69,1.4,94,94,34,60,67.08510638297872,1.3997094325713009,0.0218367538218268,0.7938128949062493,46.07622014728791,8.920984661389245,16.01137381939297,2.141937430014887,98.27265714028096,13.279288869661093,9.67924328891154,8.702755468781522,-3.1137304419563887,9.0,10.75864860924416,-4.576533400879569,True
sevo,all,65-69,1.5,110,110,34,76,67.16363636363636,1.5014863284793682,0.0211577722247512,0.8225485964357556,45.82674814909471,8.226573851885648,15.611330004165682,2.1998585270607203,98.01973945335006,13.550248875378593,9.8174216766598,8.482026274296993,-3.4506890776366683,9.0,10.544530736204658,-5.068222601081599,True
sevo,all,65-69,1.6,109,109,32,77,67.04587155963303,1.6011463342817636,0.019655608337213,0.8989030664907027,45.6760400046734,7.415186999286769,15.492451235416718,2.0157013975456115,98.2646963085193,13.667705046635676,9.941627602255908,8.536162831031396,-3.4957800417232425,9.0,10.594643548111264,-5.131542215604278,True
sevo,all,65-69,1.7,93,93,30,63,67.03225806451613,1.7061444640904833,0.023529803879651,0.9590358200331558,45.87560070271079,8.356045381072548,15.523525188813208,2.0962078242055107,97.84296358660345,13.697395039062448,10.03142995125086,7.909005145417454,-3.5122329515657498,9.0,10.166528223188177,-5.788389893644995,True
sevo,all,65-69,1.8,75,75,24,51,67.14666666666666,1.794836951379871,0.0262679968268691,1.0015355921325584,44.17317117886742,8.639762111394628,15.525006617371409,1.9778294896879711,97.98097209527758,13.838477633574003,10.022959053947938,7.380542938436767,-3.7231050043095855,8.5,9.749769964382516,-6.4579346951372365,True
sevo,all,65-69,1.9,93,93,34,59,66.9247311827957,1.9022148489121744,0.0209424472637829,1.0497141126622562,43.37620294825925,7.183100722648715,14.9132462204217,2.00598665708259,98.18870199331243,14.341890386592814,10.638812845954543,7.89201572028864,-3.9167217954836833,8.5,10.361947493170868,-6.449874666304175,True
sevo,all,65-69,2.0,91,91,25,66,67.10989010989012,2.0023635531301465,0.0221152674558208,1.1102344675850118,43.2889888961796,8.303230085731732,14.746847634049535,2.186704393665612,97.87645564042168,14.297624020005808,10.519845525240054,7.474083283833911,-4.308460386861454,8.0,10.093429492980864,-6.823540736171895,True
sevo,all,65-69,2.1,84,84,28,56,67.11904761904762,2.1041376034824344,0.0194179438106025,1.1959440459746733,40.78205140951045,7.081322652548608,14.25142718659758,2.000961031057598,97.68142802876731,15.124423491408557,11.445722993652309,7.721911679517015,-3.8739207932668345,8.0,10.73518263957519,-7.402511811891541,True
sevo,all,65-69,2.2,66,66,17,49,66.95454545454545,2.2024356070619,0.0235259767941539,1.2210416987948731,40.84909555950212,6.379521133698931,14.344876687028304,1.8542121363378343,97.58093938563358,15.028688932476747,11.183380684333631,7.482698211075152,-4.085443806514356,8.0,10.253694015436878,-7.545990721401597,True
sevo,all,65-69,2.3,46,46,17,29,67.3695652173913,2.2952090301280976,0.024038259420664,1.2837763091103862,40.13958333513119,8.308727575553274,13.981907551279424,2.14370022428508,97.58156439121002,15.070534719122584,11.4660617894299,6.380463379749798,-4.248155077120157,8.0,9.91492847901912,-8.690071339372787,True
sevo,all,65-69,2.4,39,39,11,28,67.28205128205128,2.3943827339830115,0.023692340733497,1.3269592687008012,41.77081060965156,8.77128453070345,13.9985454019573,1.9174496893846475,98.08673228243222,14.736743984231776,11.175625618385014,6.18140625027087,-4.690930721733142,8.0,9.579377880164504,-8.555337733960908,True
sevo,all,65-69,2.5,25,25,9,16,67.0,2.4959184897666176,0.0305041861635951,1.4172804496561489,37.91627162099879,8.444090121572982,13.3176490808328,1.87370623288302,98.12965773936114,15.565175901955032,11.363510429646412,5.965270168623955,-4.887037217176545,8.0,9.578321096718009,-9.599905733331076,True
sevo,all,65-69,2.6,28,28,6,22,67.03571428571429,2.594212424905882,0.0248404113663851,1.4301929777230336,41.82971097002072,9.360660790344246,13.995111514989375,1.9886098707286928,97.92071324593964,15.106908495008495,11.612656913088868,6.694437081246079,-4.377491112084409,8.0,9.975289641826762,-8.412471413762416,True
sevo,all,65-69,2.7,21,21,7,14,67.19047619047619,2.703899122167763,0.0246255675888438,1.5167227783051895,39.93217728997152,5.9996395729566325,13.068258489292884,1.6430313782348964,97.70933804587712,15.294695260250275,11.407968519588882,5.141763347158466,-5.306269720343157,8.0,8.786484558675323,-10.152931913091807,True
sevo,all,65-69,2.8,17,17,5,12,67.82352941176471,2.8023537022490785,0.0326400825167229,1.5725934535064094,40.17269605292263,7.828984797126109,13.272474599406854,1.434815607637954,98.05119257575156,15.31925416998553,11.84798476755585,6.177140700052544,-4.872372782541513,8.0,9.643915091766766,-9.142113469932989,True
sevo,all,65-69,2.9,10,10,6,4,67.0,2.8825384433552004,0.0250077193962249,1.5974258039713216,39.74523105761657,11.26008853882148,13.639302343241871,1.7383679944592498,97.22295106644432,17.179481784793143,13.351194990343725,7.658151365437244,-2.966653677768162,8.0,11.211560135136676,-9.521330419355898,True
sevo,all,65-69,3.0,8,8,3,5,67.5,3.002808435622137,0.0147352242239188,1.6637418790051015,46.72933842561518,6.130472022656791,14.010174308212784,2.26574350313666,97.85818947696436,15.09934074879502,11.42656806043222,5.58631309683131,-4.268151710932825,8.0,8.785641610912286,-9.513027651963707,True
sevo,all,70-74,1.0,47,47,25,22,71.95744680851064,1.0055301163455386,0.0251854634118585,0.6615576647479229,46.26735093722001,9.041350980539493,15.298062958474542,2.795791082200567,97.93804340008516,12.06351044804501,8.29923350883318,6.601491031915397,-5.173512553364404,8.5,8.781562470669556,-5.462019416129612,True
sevo,all,70-74,1.1,46,46,20,26,71.8695652173913,1.093667363676755,0.024908575036551,0.6391690894505819,46.86020619904056,9.608404633835685,15.782955857792842,2.7487787757790976,97.26874372143892,12.067144679790664,8.06676865012634,6.863165719771005,-4.290698400066683,9.0,8.84265414054837,-5.203978960019657,True
sevo,all,70-74,1.2,57,57,18,39,71.7719298245614,1.2041617790675498,0.0225902906602429,0.7153297444418133,47.69757513427421,9.233083898817345,15.90760808572478,2.83648896084904,98.052075327105,11.455245995285152,7.608732371877149,6.111706945197229,-4.8792129400575295,8.5,8.273049308924655,-5.343539050087923,True
sevo,all,70-74,1.3,64,64,31,33,71.5625,1.290768711555332,0.0231691621702957,0.7580457561990745,48.2448262778363,8.510611523236763,16.175509903856437,2.950489917262319,97.84798054063384,12.28644840955164,8.68542403795205,7.352227952026005,-3.833266414048616,8.75,9.275789387083964,-4.934220457525634,True
sevo,all,70-74,1.4,79,79,35,44,71.75949367088607,1.3987772550720738,0.0199074734090323,0.8030646848925567,46.32873582524181,9.178864146452838,15.529341463275047,2.645763395739497,97.85402926208477,12.918120865262408,9.352766837967508,7.390373939981796,-4.143418509294925,9.0,9.600637116057888,-5.527746925280612,True
sevo,all,70-74,1.5,96,96,41,55,71.76041666666667,1.501648017406276,0.020977950784807,0.8584885607430301,45.35252099718976,9.071425432028107,15.612798555120955,2.3008501747433283,98.18626980411614,12.590841291297297,9.008079637539916,7.00714537355677,-4.2842176124649,8.5,9.324327746838971,-5.583695917740524,True
sevo,all,70-74,1.6,84,84,34,50,71.82142857142857,1.599209550478485,0.0214303543366343,0.9061663549872936,46.145062925172816,8.505817111623768,15.672747636308507,2.2093779048898248,98.31859182004656,12.918169911202275,9.261038485474796,7.2648624750171376,-4.199473998926803,8.5,9.552298597165512,-5.653307436185138,True
sevo,all,70-74,1.7,75,75,34,41,71.88,1.7026549778536169,0.0227941525934387,0.9775252579154136,45.71533610850904,9.771857523338982,15.831832683193188,2.109795135502349,97.98059004501502,12.971009483699389,9.305943329946626,7.47312306414909,-3.777767185109234,8.5,9.699828899536364,-5.497886419550299,True
sevo,all,70-74,1.8,67,67,29,38,71.65671641791045,1.7911304548102436,0.0243275164371508,1.0158960118441522,41.95663644288903,9.032573943452164,14.92733733811652,2.192262605872902,97.86464048845704,13.467408563732036,9.707882248822932,6.071097159914398,-4.669041395653385,8.0,8.77634656889099,-7.396311403817639,True
sevo,all,70-74,1.9,86,86,35,51,71.70930232558139,1.9004583555596788,0.0219773447237331,1.0860335113065562,42.37915310674571,8.494451666659502,14.994114142360326,1.885438635105766,98.03738822938745,13.700599705522288,10.003746057549892,6.59053945363797,-4.458854282074902,8.0,9.34186725981203,-7.110060251884317,True
sevo,all,70-74,2.0,71,71,32,39,71.6056338028169,1.9982595984677527,0.0207952344522815,1.138818161358659,42.98196558668125,7.815464994248842,14.910994151511838,2.231412673228492,97.6798517945157,13.953250013726793,10.542787299895354,6.773479493569415,-4.233159038351921,8.0,9.650004430811377,-7.17977052015738,True
sevo,all,70-74,2.1,62,62,26,36,71.59677419354838,2.099854817166199,0.0258491033280898,1.19748229329995,41.88989963002744,6.878205824263676,14.651100590154128,2.061442244098565,98.1581561246386,14.097580109909234,10.41044913236242,6.325901060992475,-4.581049095068118,8.0,9.331487173511867,-7.771679048916757,True
sevo,all,70-74,2.2,59,59,27,32,71.67796610169492,2.201469050999731,0.0249075119256738,1.2479569415171172,40.831625393014086,7.791829384560229,13.820917525181368,2.217332145831526,97.554552137355,14.480163839688643,10.627581893259942,5.889128217589285,-5.134356737551026,8.0,9.040594972754478,-8.59103562209936,True
sevo,all,70-74,2.3,33,33,17,16,71.75757575757575,2.294634432948166,0.0231054283164064,1.3061527054749824,40.474254652372366,6.378318969374389,13.553592294441405,2.07132588347925,96.84972465915811,15.04326086779092,10.9833929174218,5.814874233077203,-4.776193435689768,8.0,8.948734989472774,-9.228386634713717,True
sevo,all,70-74,2.4,32,32,10,22,71.8125,2.395217756043712,0.019934096470381,1.3787788624846145,41.80603395065603,6.640084132736983,13.681922555765292,1.9735037622148657,97.15046158723224,13.571954138356393,10.034590870524164,4.829468446784653,-5.8710341124308405,8.0,8.010031813773221,-8.74248569157174,True
sevo,all,70-74,2.5,18,18,10,8,71.5,2.4984071188744297,0.0291531497376379,1.4043702820751436,39.25249318375632,6.2112786864889005,13.030820217880386,2.098950170384708,96.8582207336746,14.892297555702688,10.466668850964432,5.011939202524307,-5.645288266692787,8.0,8.311339844131037,-9.880358353178382,True
sevo,all,70-74,2.6,15,15,8,7,71.06666666666666,2.604782500373614,0.0283817048197878,1.4800273399189527,41.045096331603,8.094795809922985,13.919209535026717,1.616197320877813,97.4928944068816,13.44130331431849,10.197298225714816,4.758672558351839,-5.770070434450385,8.0,7.963866186227755,-8.682630755966649,True
sevo,all,70-74,2.7,11,11,3,8,71.9090909090909,2.706347062925554,0.0254545247658868,1.5572597200911718,41.50926908279459,5.33359347671426,12.787225300333263,2.2621031739806434,97.62888636191688,14.756996184659757,10.081742175457896,4.634403249348173,-5.941586745686568,8.0,7.796426782135282,-10.122592935311582,True
sevo,all,70-74,2.8,7,7,0,7,71.28571428571429,2.7795619469424264,0.0285366132259974,1.5935016964373756,39.33106775679404,3.907627128277864,12.778473471601805,1.5555612844812103,96.75352361464785,15.161428675029144,10.614874757174732,4.687125705994112,-5.795795011326206,8.0,8.06892674469274,-10.474302969035032,True
sevo,all,70-74,2.9,5,5,2,3,72.0,2.9151211352491133,0.0186082027635701,1.586593756149523,40.59973560377956,10.448709188351764,14.425810259046653,1.1799632198859542,95.40344762921332,12.20349560878097,8.80522569949399,3.360579044645115,-6.27435875987286,8.0,6.372060505411947,-8.842916564135857,True
sevo,all,70-74,3.0,6,6,3,3,71.66666666666667,3.0067784243677225,0.0353647380460493,1.6369216735371286,45.51653320710693,6.055641836672581,13.330689443430552,2.195434128625472,95.94448292073275,13.68681113788861,10.64193937184925,3.5452671401651568,-5.873671984585756,8.0,7.132655152599153,-10.141543997723453,True
