agent,reference_sex,age_bin,target_agent,n_cases_clean,n_windows_clean,n_female,n_male,mean_age,mean_agent,sd_agent,mean_mac,mean_bis,sd_bis,mean_sef,sd_sef,mean_sqi,delta_power_db,theta_power_db,alpha_power_db,beta_power_db,alpha_peak_freq,alpha_peak_power_db,alpha_delta_diff_db,mean_fen2o,mean_fin2o,max_fen2o,max_fin2o,usable_cell
sevo,all,20-24,1.0,5,5,2,3,21.6,1.0017500004172324,0.02390959196758325,0.6310091153353763,48.09600000242392,6.123178832636519,16.01032235180338,1.697920733704134,98.02489134907722,18.188516587983166,13.417152573528048,12.874106118786433,0.9201840021833844,10.0,14.128716977682753,-5.314410469196733,0.0,0.0,0.0,0.0,True
sevo,all,20-24,1.1,7,7,5,2,22.285714285714285,1.0956222305029986,0.027674947394051654,0.5289229936268558,43.00667499765044,9.380578427678223,14.620790259398165,2.457624846107826,97.64518576484352,19.093327691171616,12.904961454686347,13.490636985626766,0.05128483554557547,10.0,15.190062112491386,-5.6026907055448465,0.0,0.0,0.0,0.0,True
sevo,all,20-24,1.2,8,8,5,3,21.875,1.2132690693998787,0.01625168370684846,0.6298535176691076,44.386226394493136,9.257107891529573,15.348242006474175,2.33841615373489,98.52833385864894,18.626428063912925,12.849279628523313,13.17393002326529,0.5527436741614681,10.5,15.01552319660001,-5.452498040647633,0.0,0.0,0.0,0.0,True
sevo,all,20-24,1.3,4,4,1,3,21.5,1.2854785022713864,0.01684770693182282,0.6661181703408753,41.08705076879511,6.302242850096391,15.192556324259687,1.4144766918240457,98.17490622761349,19.410823967197732,12.914965539655777,12.828872470875123,0.3306892671555244,10.0,14.318775406851291,-6.581951496322611,0.0,0.0,0.0,0.0,False
sevo,all,20-24,1.4,9,9,5,4,21.77777777777778,1.392473215840895,0.02979725818412763,0.6254521316154515,42.809224516553456,9.718864512096397,14.74738006485557,1.5997334409611315,97.89441180201592,20.077021975850084,14.923385439273583,14.829194802790148,1.4324497516554793,10.5,16.915195415466663,-5.247827173059931,0.0,0.0,0.0,0.0,True
sevo,all,20-24,1.5,10,10,5,5,22.1,1.5052688814645323,0.03548721206316549,0.6115918165010711,46.97110351863007,7.886249599839241,15.516246004483353,1.9757002197601798,98.32586752921343,18.249727770555506,13.511524039394075,13.708905068111303,0.9326071840785012,10.75,15.463802153851717,-4.540822702444202,0.0,0.0,0.0,0.0,True
sevo,all,20-24,1.6,7,7,4,3,21.714285714285715,1.6134579819915373,0.029993304594038653,0.6875260373910091,47.47965310074034,7.4757601910689715,15.482632977054234,1.7440860673941134,98.31852161948169,18.32941854143703,13.34147774159544,14.078194803196288,0.903123690846862,10.5,15.637272642096224,-4.25122373824074,0.0,0.0,0.0,0.0,True
sevo,all,20-24,1.7,8,8,5,3,22.375,1.7088989513897104,0.017450886248398412,0.7588688116661312,46.1824340283405,9.993183116468483,15.018124503230986,2.2545868297697305,98.42672876535605,18.390892373674536,13.965861765528906,14.58825247164932,0.6615673258661976,10.5,16.808088876791572,-3.802639902025215,0.0,0.0,0.0,0.0,True
sevo,all,20-24,1.8,11,11,8,3,22.09090909090909,1.790446826633574,0.02612354555195454,0.7955261654735571,39.11142640472813,9.143907725488928,14.06017333826784,2.143890349822182,97.36989275406708,20.095561101035074,14.562463462519805,13.424363869332764,-0.040511200908227435,9.5,15.32412517632642,-6.671197231702307,0.0,0.0,0.0,0.0,True
sevo,all,20-24,1.9,11,11,8,3,21.818181818181817,1.9093477547535616,0.024253707341914548,0.7990909197568808,37.87448218433243,9.1349507974064,13.569346684144078,2.385481728646414,98.33656886391567,20.25568959199346,14.111167495240943,12.458597791478233,-0.675304057305194,9.5,14.129788254292931,-7.797091800515227,0.0,0.0,0.0,0.0,True
sevo,all,20-24,2.0,9,9,7,2,21.666666666666668,2.0071006761320556,0.017875525548728875,0.8249942159452648,34.55428964085877,6.627011660508612,12.713780571223685,1.7270683718532944,97.76642642639301,20.889229282252845,14.372136115868434,12.695086650495929,-1.2919089042802296,9.5,14.517190051375529,-8.194142631756918,0.0,0.0,0.0,0.0,True
sevo,all,20-24,2.1,10,10,7,3,21.6,2.1014999159503107,0.011967926161348681,0.9075110494535572,36.74591929855446,6.303677561398712,13.278078238945454,2.083305540791627,98.13789273262023,20.720718968808775,14.752955684394175,12.839455729313116,-0.9519618312543304,9.25,14.552069657161061,-7.881263239495662,0.0,0.0,0.0,0.0,True
sevo,all,20-24,2.2,11,11,7,4,21.90909090909091,2.1965163565219634,0.023541031574993605,0.9253444433646192,38.04092382352912,10.021686568630473,13.586788633166616,2.353964777582071,97.55290476937185,20.564553072218516,14.410331525905729,12.594873839759652,-0.7146729035012448,9.5,14.41589271915271,-7.969679232458862,0.0,0.0,0.0,0.0,True
sevo,all,20-24,2.3,5,5,3,2,22.2,2.2798124715685844,0.005447390022046781,1.0047669282198572,31.225291643142704,4.035275339452636,12.50512810125947,0.959712670619188,97.51383417765298,19.515974126986116,14.490035678227809,11.929563802195577,-2.468681619766149,8.5,15.269414876606238,-7.586410324790539,0.0,0.0,0.0,0.0,True
sevo,all,20-24,2.4,8,8,5,3,21.875,2.3903215121303223,0.017324323717547076,1.0253588927647797,29.163128211411337,5.095920956975527,11.298685533879326,2.00378066536771,98.2732883706689,22.488638828066684,15.921920292676155,12.762570655998417,-1.4354917037829387,8.25,15.6294797359681,-9.726068172068267,0.0,0.0,0.0,0.0,True
sevo,all,20-24,2.5,6,6,3,3,21.5,2.501856558992424,0.022889838963408966,1.0460948460593096,31.437876532537242,6.653529103472504,11.006278421220165,2.7993563666151764,96.51129078426295,21.189421353199663,14.35393121543495,10.675238981367206,-2.802919143724934,8.5,13.15462083794697,-10.514182371832456,0.0,0.0,0.0,0.0,True
sevo,all,20-24,2.6,4,4,3,1,22.25,2.5923485594491162,0.028140916271914607,1.1392447950628897,34.400569613526265,5.799309361780165,13.330888004290562,1.0559490468232466,97.440079053243,20.046192097331943,15.710575417634693,12.769752700187905,-0.8712379284204319,8.5,15.9296114600423,-7.276439397144037,0.0,0.0,0.0,0.0,False
sevo,all,20-24,2.7,5,5,3,2,22.2,2.6973880490132918,0.023516960606373198,1.1786536645858239,33.218386658032735,4.524240922001947,12.932275113624831,0.8242999220876345,98.38582513650258,20.958172036892915,16.74087824402265,13.446793900978582,-0.5985172302073546,8.5,16.757110400532984,-7.511378135914333,0.0,0.0,0.0,0.0,True
sevo,all,20-24,2.8,2,2,1,1,22.5,2.78295247120938,0.04256911718245883,1.1823991320289982,30.46300128015379,2.4659152738123455,12.033505488280205,0.09039960768379747,97.78677210360766,22.97225892419486,16.613551606265005,14.320872091010418,-0.6956412164724205,9.25,16.47405127958571,-8.651386833184443,0.0,0.0,0.0,0.0,False
sevo,all,20-24,3.0,3,3,2,1,22.333333333333332,3.0206162956750227,0.033304940789907964,1.3480359960606114,27.68110893646048,1.0351503345918056,11.098580503049824,0.41462284487915085,98.5586750196086,23.207823814850006,16.88231951036105,12.802081670755385,-1.4767750683919207,8.5,15.875680772794423,-10.405742144094623,0.0,0.0,0.0,0.0,False
sevo,all,25-29,1.0,8,8,4,4,26.125,0.9985441126749114,0.03229386238092738,0.508533532164438,46.55225665600349,8.273667817991289,15.589208990118156,2.071556087334895,98.41840455935647,17.60247663218257,12.39037777573959,13.251269521937724,0.696726592393452,10.5,15.001640062490328,-4.351207110244845,0.0,0.0,0.0,0.0,True
sevo,all,25-29,1.1,9,9,5,4,26.11111111111111,1.0917636206123496,0.02259207455074441,0.5546672484539967,52.657757572388206,5.258028495586761,16.985349470411464,1.0932837639657886,97.36317335654189,15.102800324344631,10.554463466863849,11.923377454138542,0.5342240137503667,11.5,13.72140769642682,-3.179422870206091,0.0,0.0,0.0,0.0,True
sevo,all,25-29,1.2,13,13,7,6,26.615384615384617,1.2018204379002921,0.02085746412260811,0.550700125373297,46.97387724562715,8.423292953813853,15.659453774195832,2.209152208043454,97.54752904944695,17.76065331625242,12.117571840612865,13.136004292992356,0.31066169319746173,10.0,14.765715253970487,-4.6246490232600665,0.0,0.0,0.0,0.0,True
sevo,all,25-29,1.3,13,13,7,6,26.923076923076923,1.2904306623302637,0.02168432112311599,0.5978095131518785,43.143749008174886,11.428918839799556,14.893146124634987,2.8166345103077375,98.10427914506349,17.79454519775683,12.433407113778498,12.326494624008207,0.18607541774573189,9.5,14.228278018751022,-5.468050573748622,0.0,0.0,0.0,0.0,True
sevo,all,25-29,1.4,15,15,8,7,26.4,1.4026440740107662,0.023506474851034128,0.613599846014339,46.24088934623533,9.028419830209405,15.334760573527053,2.265704390810294,97.29614061610566,17.766073568117797,12.62367468259269,13.611270961363056,0.6627086165970656,10.5,15.590224350309416,-4.154802606754742,0.0,0.0,0.0,0.0,True
sevo,all,25-29,1.5,22,22,13,9,27.181818181818183,1.4969513487049633,0.01873842328413946,0.6690879526579837,43.88374913503049,8.750001314315698,14.765357170019751,2.0659064935845546,97.96736314091267,18.74863072117174,13.583969627073616,13.772749896761797,0.5365647290088623,10.0,15.360153113893064,-4.975880824409941,0.0,0.0,0.0,0.0,True
sevo,all,25-29,1.6,26,26,17,9,26.807692307692307,1.5953565924598547,0.017246576652256273,0.7120637938917542,42.55211862123166,8.855593456167206,14.48891276708589,2.1617856486376485,97.5883821237928,18.864268258176516,13.384606344368686,13.37736551582603,-0.007869155677347873,9.5,15.090881829442754,-5.486902742350485,0.0,0.0,0.0,0.0,True
sevo,all,25-29,1.7,19,19,12,7,26.789473684210527,1.7022166584883898,0.02197174332375811,0.7591861960980552,38.78443911061214,10.119404343384108,13.694827176457304,2.1453137344944904,98.01170195226084,20.44490300286734,14.291238125419328,13.181928727050343,-0.33959501373346274,9.5,14.959942139887739,-7.262974275816996,0.0,0.0,0.0,0.0,True
sevo,all,25-29,1.8,14,14,8,6,27.214285714285715,1.7902752713472139,0.026205573929988613,0.8132682341270127,36.181865685912115,6.0513601908071015,12.948565556938274,1.5192666609917507,97.73997998368883,19.53606321077575,13.43047794406325,11.50791536418627,-2.1882669790689167,9.25,13.177927895427672,-8.02814784658948,0.0,0.0,0.0,0.0,True
sevo,all,25-29,1.9,23,23,14,9,26.956521739130434,1.90204453153394,0.019425283161289247,0.8321311760104964,38.727285661888516,9.890575179730282,13.621688671985074,2.4989020106558657,97.96628348095261,19.762633301721323,13.675405891283598,12.269118125831355,-0.890225468555154,9.5,14.393763695565292,-7.493515175889967,0.0,0.0,0.0,0.0,True
sevo,all,25-29,2.0,26,26,17,9,27.0,2.0068163910194134,0.02259454432970397,0.8987660130987373,37.95570938248092,9.024764005410553,13.488343066153808,2.395657559934751,98.29627108476483,19.693567840024397,14.219599495633783,12.595130479810045,-1.063391018986763,9.0,14.757405378550457,-7.098437360214348,0.0,0.0,0.0,0.0,True
sevo,all,25-29,2.1,20,20,14,6,27.0,2.1019722597580404,0.021213962084199785,0.9335693200991955,36.081346637376896,8.071688553380525,12.639790255147963,2.2169545311044434,98.48168430291116,20.18883875746705,14.312709548149735,12.201880155747354,-1.516249430608229,9.0,14.639481069012197,-7.986958601719698,0.0,0.0,0.0,0.0,True
sevo,all,25-29,2.2,16,16,11,5,27.6875,2.2017293502867687,0.015243531821478007,0.9715759209575481,35.04599119982837,8.956344797318339,12.560059064902209,2.64718884753227,97.64853556454182,20.9227721408579,14.505683703794624,11.76052971008049,-1.368559006720564,8.75,14.117788934971308,-9.162242430777413,0.0,0.0,0.0,0.0,True
sevo,all,25-29,2.3,12,12,9,3,26.75,2.2894406532648848,0.032027568395138414,1.0896511613384872,34.061233723515436,7.966938346968435,11.960745467731934,1.8643682923700855,98.11766654294398,20.66596323989788,14.29987805704271,11.646306167323479,-2.6656798340839005,8.5,13.892257967237176,-9.019657072574406,0.0,0.0,0.0,0.0,True
sevo,all,25-29,2.4,14,14,8,6,26.785714285714285,2.398081816416899,0.023760774698471557,1.0595219635959006,33.36751296708272,7.1269873855143375,12.332929348018732,1.862058634982505,98.10914327747057,20.8022032278875,14.534205587507014,11.620229133456975,-2.1588429535027536,8.75,14.081177470880935,-9.18197409443052,0.0,0.0,0.0,0.0,True
sevo,all,25-29,2.5,11,11,5,6,27.454545454545453,2.492907202375037,0.029979032241846976,1.1213814011034133,31.145392357287083,6.145001897892922,11.1799456467852,1.7448224425233672,97.67215291370044,21.158964094457588,14.631055805167131,10.2989108492537,-2.977861256401361,8.0,13.484464146813947,-10.860053245203888,0.0,0.0,0.0,0.0,True
sevo,all,25-29,2.6,5,5,1,4,27.8,2.624654900965591,0.021037171761649827,1.1814114777433375,32.24771219566465,8.556150142353811,11.227714972446362,2.9141856024569694,98.0540954825282,22.592151885657522,15.49094032358245,11.09183176245993,-1.8320495594601058,8.5,13.778550541093443,-11.50032012319759,0.0,0.0,0.0,0.0,True
sevo,all,25-29,2.7,9,9,4,5,27.22222222222222,2.6999450341384446,0.027486556866092356,1.2756366000545247,32.03567998642447,4.313784174977357,11.102107107687605,2.088329606441889,98.00016233534724,21.358266053917422,14.62670151171188,10.100063570183746,-2.5979130231826084,8.0,13.268675697513341,-11.258202483733676,0.0,0.0,0.0,0.0,True
sevo,all,25-29,2.8,4,4,2,2,28.0,2.8045165836811066,0.01322610759316009,1.326390009233728,30.41085777161643,4.4447749040786615,10.680251926307877,0.982174584661392,98.5664278085033,21.346223763891864,14.232726013681187,9.874486962015132,-3.6966933936158637,8.0,12.87465349592373,-11.471736801876734,0.0,0.0,0.0,0.0,False
sevo,all,25-29,2.9,7,7,4,3,27.285714285714285,2.8946336283171106,0.019462567634472072,1.2862583591015124,30.49695593209139,3.8139098677448655,11.021840487500386,1.8393580234007862,97.82237638568594,20.928069850280338,15.020808849902698,10.223653602090726,-3.06369885534606,8.0,14.10385792033721,-10.704416248189611,0.0,0.0,0.0,0.0,True
sevo,all,25-29,3.0,2,2,1,1,26.0,2.969928414095193,0.01718046868955454,1.3919530992396176,31.041770838946107,2.664466691459929,11.09388802666217,0.1459401977719462,98.64583387374878,19.541848139435114,13.963316891469658,9.873737937408908,-4.625498943899589,8.0,13.149609904921752,-9.668110202026208,0.0,0.0,0.0,0.0,False
sevo,all,30-34,1.0,10,10,5,5,32.2,1.0025364607793743,0.025321979528966407,0.5850813854914547,43.635102202619116,10.391129445992485,15.579143030128131,2.241636595572491,97.85802996228139,15.806745952226198,10.579234615868998,10.663309596566458,-1.8111746535198905,9.75,12.317383745236008,-5.1434363556597384,0.0,0.0,0.0,0.0,True
sevo,all,30-34,1.1,13,13,7,6,32.84615384615385,1.1007397052503598,0.02892866591664523,0.5554737639156744,47.178913757109484,8.00916707471239,15.684850666266032,2.0832550368242697,98.71165158122014,14.021352323081889,8.961239553615611,10.009165113828463,-2.590361892304809,10.5,11.76667727855217,-4.012187209253428,0.0,0.0,0.0,0.0,True
sevo,all,30-34,1.2,18,18,9,9,32.72222222222222,1.2094488025888697,0.024328861758986662,0.6214887276270289,45.65623047225591,8.095433682489762,15.453999335118741,1.9461054024447138,98.41877571937663,15.017902269927099,10.095371018192044,10.394140305671877,-2.301137850200978,10.0,12.018603643317356,-4.623761964255223,0.0,0.0,0.0,0.0,True
sevo,all,30-34,1.3,19,19,11,8,32.31578947368421,1.302668904410185,0.021521456470904095,0.6284539648563511,46.6568051099189,9.219683725855232,15.782745001125232,2.1291430320182645,98.19082078567722,15.394930119982734,10.189147966694582,10.38487561568222,-1.6363963750415655,10.0,12.047925096033463,-5.010054504300514,0.0,0.0,0.0,0.0,True
sevo,all,30-34,1.4,23,23,16,7,32.26086956521739,1.3913193289200654,0.020190334039181915,0.6408330668443881,42.62706323248753,9.437226171989497,14.265099633401395,2.7630842670368208,97.32655907562676,16.87269862742839,10.790624569961052,9.794252903304496,-2.735148368765006,10.0,11.614119946881488,-7.0784457241238945,0.0,0.0,0.0,0.0,True
sevo,all,30-34,1.5,28,28,16,12,32.32142857142857,1.4986235115765816,0.025106184654545786,0.6969112684946074,46.64881856445046,7.491777653979863,15.360656578492906,2.068581001546236,97.87872051138963,15.48327802866795,10.369625590190777,10.996885358660913,-2.038889851884053,10.5,12.481077924800486,-4.486392670007037,0.0,0.0,0.0,0.0,True
sevo,all,30-34,1.6,24,24,14,10,32.0,1.5979326944950218,0.020992569635064465,0.7233533984255498,44.411703009561954,7.509991988588368,14.857268689179586,2.010081780842995,97.9641090358918,16.4954407781896,11.222624602537943,11.496536533959636,-1.97130737219777,10.5,13.104727450479645,-4.998904244229964,0.0,0.0,0.0,0.0,True
sevo,all,30-34,1.7,17,17,12,5,32.11764705882353,1.7002612119723184,0.022517296373366694,0.8000394518665201,40.4845959885959,10.483201782566297,14.060585741757178,2.4220838329746477,97.80922134331628,17.555707779570835,11.919919129621894,11.18874443160798,-2.167651497243982,10.0,13.154856434350142,-6.366963347962853,0.0,0.0,0.0,0.0,True
sevo,all,30-34,1.8,16,16,10,6,31.9375,1.7896508510811449,0.016408802759057362,0.8098767172271134,39.759605714903834,10.175691684973602,13.80521430496592,2.4925368181288405,97.82480091881007,17.23449357463512,11.416023445444424,10.072566577996866,-2.6940486238861028,9.5,12.015964687082311,-7.161926996638252,0.0,0.0,0.0,0.0,True
sevo,all,30-34,1.9,24,24,13,11,32.291666666666664,1.9005243362781281,0.022500523042586228,0.8422162541084819,39.728738902907615,8.948034589493435,14.145523286559103,2.051938541558565,98.80340917319472,17.16097490945656,11.830043690772195,10.474003999562278,-2.770192463417278,9.5,12.487815152899948,-6.686970909894282,0.0,0.0,0.0,0.0,True
sevo,all,30-34,2.0,24,24,12,12,32.291666666666664,2.001949856010227,0.024477291756585945,0.9143836610538226,36.12204828993418,7.329990719112857,13.586891399551597,1.6104407762668882,98.50134415899714,18.047246000054468,12.355823297405001,10.44427521075014,-2.849023753136105,9.0,12.517076507736206,-7.6029707893043295,0.0,0.0,0.0,0.0,True
sevo,all,30-34,2.1,27,27,14,13,32.2962962962963,2.1038536095060407,0.02385941019232669,0.9487772350869267,34.19243948694181,6.136872847988241,13.01972148026811,1.528731708045062,98.38417764456919,18.089988500294677,12.359125634024428,10.121973911872718,-3.5129908996793335,9.0,12.48394407619355,-7.968014588421958,0.0,0.0,0.0,0.0,True
sevo,all,30-34,2.2,22,22,12,10,32.36363636363637,2.20439633302193,0.021776726090526492,1.0172487557960928,35.02142692215063,5.88380003653407,13.0002930070076,1.7015319035297725,98.39482552842661,18.768535676701394,13.088032295339831,10.455144099378563,-2.8636699522881255,9.0,12.886495265254014,-8.313391577322834,0.0,0.0,0.0,0.0,True
sevo,all,30-34,2.3,11,11,5,6,32.27272727272727,2.3027923644520345,0.02684112242225718,1.038290136969987,34.64873997316216,10.338952209144193,12.324317574805834,2.3656364216164505,97.74300442071575,18.970130877082173,12.619455313949949,9.045365107819121,-3.35518669652092,8.0,12.047459320408784,-9.92476576926305,0.0,0.0,0.0,0.0,True
sevo,all,30-34,2.4,10,10,5,5,32.6,2.398524816654002,0.011111570061667707,1.0865084841668917,33.95361976676931,5.8750955754777445,12.449853237823893,1.2852805107244123,97.96948499778907,17.92342232391287,12.305409689657479,9.815566357340483,-4.290578705883212,9.0,12.336800309882154,-8.107855966572387,0.0,0.0,0.0,0.0,True
sevo,all,30-34,2.5,8,8,5,3,31.875,2.508633612127354,0.02393277958374029,1.1417374919100742,34.16736161302154,6.326455371676814,12.986605379381217,1.3158414170863884,98.06151632610708,18.61270989372446,13.07682584539727,10.167808237677091,-3.1153663074187716,8.5,12.877454432293982,-8.444901656047369,0.0,0.0,0.0,0.0,True
sevo,all,30-34,2.6,4,4,1,3,32.5,2.603302344780726,0.01519238064668407,1.1935058957353855,33.43681472595781,7.42734909002734,12.617970353752995,1.3063688585928976,96.41772574844461,19.00608087284848,13.3689200317151,10.670518699638352,-3.099975270512722,8.25,13.612357624379579,-8.335562173210125,0.0,0.0,0.0,0.0,False
sevo,all,30-34,2.7,2,2,1,1,33.0,2.720800809096545,0.029416718897709943,1.2018783011008054,37.99528639055789,7.082079543385966,13.58626887379214,0.5354244201187389,98.09531329125166,17.827872658105456,12.088970618024533,9.33586723375457,-3.4608167756914767,8.25,10.426616052334044,-8.492005424350886,0.0,0.0,0.0,0.0,False
sevo,all,30-34,2.8,2,2,1,1,31.5,2.8000683339700725,9.6706262204455e-05,1.2539225223008543,36.77132155063252,5.3935581883492745,12.717525402891141,0.17728397502873344,97.57833449045816,17.141261711794204,10.697934951238263,8.469546480320112,-4.836899408393421,8.5,10.825997462700073,-8.671715231474092,0.0,0.0,0.0,0.0,False
sevo,all,30-34,2.9,2,2,1,1,31.0,2.9115039703669026,0.01626893604409593,1.2979231434059328,28.91944337685903,2.9553151574184633,11.18856801915293,0.742955104513306,96.75327492107947,17.737132340880812,12.07872231157905,7.4295267779409695,-5.717618963372486,8.0,10.866444823933112,-10.307605562939843,0.0,0.0,0.0,0.0,False
sevo,all,30-34,3.0,1,1,1,0,32.0,2.9984635431319475,,1.3213215719830866,30.11666653951009,,12.35274997552236,,99.65833333333332,19.438973671915964,12.74443783092597,8.146533473251845,-3.878030796703651,8.0,9.977012148733738,-11.29244019866412,0.0,0.0,0.0,0.0,False
sevo,all,35-39,1.0,22,22,12,10,37.04545454545455,1.0047783533104158,0.028222400347432987,0.5283549398818814,48.869553455371744,10.770623347778807,16.251558672269862,2.2649762943989025,97.63598036154202,14.4508129436152,10.206193672939538,10.232189999454931,-1.4305019854449996,10.0,12.146019065858168,-4.218622944160269,0.0,0.0,0.0,0.0,True
sevo,all,35-39,1.1,25,25,16,9,36.72,1.1025018423879518,0.02751546809515233,0.551135420236426,49.05937707319359,10.0243078162337,16.30176010985424,2.420047473142443,98.51925731943051,14.46660035891744,10.152307602843212,11.407163644331257,-0.7852570559555754,10.5,13.101206508063063,-3.0594367145861803,0.0,0.0,0.0,0.0,True
sevo,all,35-39,1.2,26,26,16,10,36.92307692307692,1.2049689715069969,0.026482919160358366,0.6804850363570344,42.95233948349666,11.189826538579924,15.014162298167745,2.576045882391265,97.64825832786468,16.104225570252474,11.37620179158197,10.977064134025577,-1.835027888642459,10.0,12.916614894489637,-5.127161436226899,0.0,0.0,0.0,0.0,True
sevo,all,35-39,1.3,27,27,14,13,36.77777777777778,1.301958645545636,0.02387918148285909,0.6609447497164509,41.18490667305887,9.71836230226067,14.316405200686903,2.5095979749237114,98.5442413115759,16.892303698576324,11.861982108951596,10.950635648023834,-2.01358449780524,9.5,12.909022174665107,-5.941668050552489,0.0,0.0,0.0,0.0,True
sevo,all,35-39,1.4,37,37,20,17,36.810810810810814,1.4040265840530681,0.02223613885710899,0.6695910832834187,44.002633893966404,9.524912231239302,15.18758348593203,2.4587884646697495,97.79954320662193,16.402462452641647,11.753133130502137,11.924594084175663,-1.1271865258148732,10.0,13.563157220875475,-4.477868368465984,0.0,0.0,0.0,0.0,True
sevo,all,35-39,1.5,34,34,22,12,37.1764705882353,1.504567058547628,0.01690619032722313,0.7149735642937194,43.606935301262375,8.84648912510531,15.187597659747025,2.3185893605795753,97.68391431523304,16.426043673210724,11.870628401165748,12.099833941382004,-1.307256975115689,9.5,13.767830713402212,-4.326209731828719,0.0,0.0,0.0,0.0,True
sevo,all,35-39,1.6,38,38,27,11,37.078947368421055,1.6017598919837996,0.020737484065763916,0.7695485506067868,40.88618196689507,9.035653247929524,14.573705326015817,2.301283447797505,97.63557195879127,17.18008387549746,12.339571728181369,11.949989464405272,-1.564721725745274,9.5,13.888374664406792,-5.230094411092186,0.0,0.0,0.0,0.0,True
sevo,all,35-39,1.7,37,37,23,14,36.91891891891892,1.7007800506539055,0.02110323849220991,0.817144925961468,39.95362190614614,8.151496628270467,14.38338391198567,2.2507151452971623,97.94948969347789,17.706427306988413,12.699543992518585,11.913897998600705,-1.4790745371812024,9.5,13.849537732591124,-5.792529308387711,0.0,0.0,0.0,0.0,True
sevo,all,35-39,1.8,32,32,19,13,36.6875,1.8013352169371502,0.027933955207778957,0.8449294086094596,37.58102415252554,8.823823550987706,13.62178954279904,2.395707088099295,98.19930058759637,17.65097820719704,12.277849618571004,10.696678849188961,-2.56055430264234,9.0,12.812262102376534,-6.954299358008078,0.0,0.0,0.0,0.0,True
sevo,all,35-39,1.9,43,43,29,14,36.95348837209303,1.901508728059572,0.023245751964715778,0.9066130553604131,36.63854454032094,7.8824310845345495,13.677522256710501,1.993113041365422,98.31117070111655,17.572216565108057,12.343964713451923,10.671494939750175,-2.671325523246999,9.0,12.85450587158147,-6.900721625357882,0.0,0.0,0.0,0.0,True
sevo,all,35-39,2.0,42,42,27,15,36.88095238095238,2.0009348519185246,0.02200020390722216,0.9514301066860623,35.6962606921792,7.166210837192932,13.391739887989583,1.9883285680382483,98.10731153620615,18.09572571180981,12.798784124044815,10.87359459156788,-2.6420111697334283,9.0,13.400193612118363,-7.2221311202419285,0.0,0.0,0.0,0.0,True
sevo,all,35-39,2.1,34,34,21,13,36.85294117647059,2.1007076446040003,0.016684735764472828,1.0005026391522467,37.48601388644208,7.029621460002281,13.61351741613528,1.9381438737180965,98.24241632236277,17.88078104086275,12.54465379343378,10.84836096291419,-2.5495249269107525,9.0,13.163597999118556,-7.03242007794856,0.0,0.0,0.0,0.0,True
sevo,all,35-39,2.2,39,39,25,14,37.0,2.201495913328985,0.02237757654029792,1.0288595107565117,35.953856827458765,7.583699324638738,13.448688602565317,2.0737239769172597,98.37799280611877,18.055433276229422,12.759839608478512,10.306292175912986,-2.787197343527806,8.5,12.98031540560941,-7.749141100316433,0.0,0.0,0.0,0.0,True
sevo,all,35-39,2.3,18,18,10,8,37.55555555555556,2.296328472324509,0.023031326897190833,1.079663640843204,33.378275473402056,5.354510350450945,12.55743936619342,1.5300884404082702,98.48313434571028,18.77869161093526,13.832280205124881,10.920059087571973,-2.8900551057764017,8.75,13.850050479417341,-7.858632523363287,0.0,0.0,0.0,0.0,True
sevo,all,35-39,2.4,20,20,8,12,37.05,2.4059294309467076,0.021275036976640595,1.1183418191294185,34.013463202274096,7.908292895541651,12.487025867095216,2.5605918484326304,98.2935156276077,18.714867602618817,13.070101772938907,9.74704093590228,-3.3924653918763523,8.25,12.690357992849837,-8.967826666716535,0.0,0.0,0.0,0.0,True
sevo,all,35-39,2.5,10,10,6,4,36.5,2.492658210112713,0.028235670450291784,1.1997304925275967,34.07997332289815,5.5607277845065015,12.578361429926009,2.045037888559145,98.19901157036423,19.74623901199962,13.56438681775153,9.310583327577827,-2.763852203687563,8.0,12.53982378802913,-10.435655684421793,0.0,0.0,0.0,0.0,True
sevo,all,35-39,2.6,10,10,6,4,36.8,2.59386321252988,0.01926479243918757,1.2117825879498074,30.526299443431203,4.949122582867741,11.636343742680426,2.37751680944289,98.41773496399324,19.70483614123696,13.062762366654223,8.434860350165035,-3.8128935294521944,8.0,11.72961509821286,-11.269975791071923,0.0,0.0,0.0,0.0,True
sevo,all,35-39,2.7,12,12,9,3,36.666666666666664,2.710046120150946,0.03491532679456548,1.2459727673888361,33.11698027555313,5.038149292264179,11.52276029497799,1.6609655483708643,98.58393218616645,18.880963626694534,13.20168954987566,8.586897332324565,-4.061860065665194,8.0,12.23666335239583,-10.294066294369967,0.0,0.0,0.0,0.0,True
sevo,all,35-39,2.8,7,7,3,4,37.0,2.7906780087366876,0.022308446409090604,1.2941247752202407,30.605720726329658,1.817959278561963,11.440696421638131,1.7348958105959986,98.54083855663028,19.342680253707982,13.491359492486678,8.697305574380334,-4.219235031812774,8.0,12.298555862113204,-10.645374679327649,0.0,0.0,0.0,0.0,True
sevo,all,35-39,2.9,6,6,5,1,36.333333333333336,2.8988010460640203,0.02973338442694128,1.334727615847563,32.02592011603216,3.959874176148285,11.035676845866773,1.2925614553786182,97.81712473796473,20.305128896838685,14.022091911351003,8.937820596279199,-3.656991090549477,8.0,12.59877340455428,-11.367308300559484,0.0,0.0,0.0,0.0,True
sevo,all,35-39,3.0,6,6,4,2,37.0,2.986225058014194,0.020976655701838397,1.4169639558971134,33.58659069838209,4.595201082692368,12.21775401710636,1.1616748648428643,97.50518403641051,19.583782972581723,14.100181018495755,9.731438416543357,-3.1713707718769286,8.0,13.084286052043353,-9.852344556038364,0.0,0.0,0.0,0.0,True
sevo,all,40-44,1.0,21,21,15,6,42.666666666666664,1.0071239491200281,0.02498181220245937,0.5866703903999194,48.5453453132794,7.406280980265829,16.143586015237112,1.8982307069607371,97.24747188223733,13.68977630491404,9.745949934811476,10.298754959289953,-1.9454489901130392,10.5,12.00545406101381,-3.391021345624085,0.0,0.0,0.0,0.0,True
sevo,all,40-44,1.1,22,22,13,9,42.18181818181818,1.0988932483183982,0.02425389013738405,0.5910955322088822,49.07099222034555,8.995812226802641,15.751337593726136,1.9888912723604932,97.38184667423819,12.852287057667853,8.810646520353608,9.244406182581725,-3.226196964674941,10.5,10.950607478881471,-3.607880875086126,0.0,0.0,0.0,0.0,True
sevo,all,40-44,1.2,34,34,22,12,41.94117647058823,1.216884782025362,0.023023385051766827,0.6505514835306516,45.958631836199295,7.853101339186359,15.30719026043171,2.2593927266484286,97.9592629588556,14.247600103811457,9.79267117998775,9.517040005508308,-2.970561451810683,9.5,11.157402837360056,-4.730560098303151,0.0,0.0,0.0,0.0,True
sevo,all,40-44,1.3,31,31,21,10,42.0,1.303512868202812,0.028401901167509687,0.6545915364379173,44.49020219929116,6.587817553573554,15.009189094132394,2.171591402176698,97.99321679767742,14.273234346936011,9.796795721771222,9.667948070888567,-3.3472032904936166,9.5,11.346413612122083,-4.605286276047443,0.0,0.0,0.0,0.0,True
sevo,all,40-44,1.4,39,39,27,12,41.743589743589745,1.4018031978999606,0.02054119004253254,0.6954306876885855,44.442671273215716,8.147777361272604,15.310729286006184,2.3235384085971673,98.7175046058292,15.131396450690435,10.66757273639349,10.515753618429475,-2.308655978698745,9.5,12.329119636035541,-4.615642832260959,0.0,0.0,0.0,0.0,True
sevo,all,40-44,1.5,53,53,39,14,42.132075471698116,1.5029484823502823,0.017713221965869736,0.7359393345080785,44.07718120597585,7.6073970830018,15.044600173306165,2.1353922503130804,97.94786826670169,15.143774749160068,10.290749267813021,10.067525592840791,-2.824888962249379,9.5,11.79804888418283,-5.076249156319277,0.0,0.0,0.0,0.0,True
sevo,all,40-44,1.6,56,56,39,17,42.107142857142854,1.599055430940574,0.01598592636106002,0.795705919679451,42.04733957441613,7.126879123143774,14.679881192933923,2.00817889626973,97.91392461010034,15.483126053838053,10.703154623058138,10.191743007358307,-3.035733595634418,9.5,12.094050584140449,-5.291383046479747,0.0,0.0,0.0,0.0,True
sevo,all,40-44,1.7,54,54,36,18,42.129629629629626,1.7006067021424383,0.022673417534099953,0.8177740476455378,40.2495481170392,7.4868028973006515,14.154030275701281,2.043952967430559,98.14571445769181,16.28754595579771,11.212913844504577,9.976596720098998,-3.07800024718767,9.5,12.108455506591078,-6.310949235698714,0.0,0.0,0.0,0.0,True
sevo,all,40-44,1.8,33,33,23,10,42.03030303030303,1.7939237810332667,0.027610340837554224,0.8827615927269852,39.56992386040664,7.485280739911666,14.031706400360497,2.171552415764808,98.18221189826727,16.42291001832597,11.208473395989511,9.504562447771207,-3.3757329302254857,9.0,11.640235574692346,-6.918347570554765,0.0,0.0,0.0,0.0,True
sevo,all,40-44,1.9,58,58,38,20,41.93103448275862,1.9054225935072144,0.01719834952338539,0.9202346936948116,37.40627582235498,6.051801691536159,13.700870641318803,1.8662148553055498,98.24452073965435,16.884981152161796,11.79521579579817,9.683119780223631,-3.4681078700802046,9.0,11.940145964136393,-7.201861371938166,0.0,0.0,0.0,0.0,True
sevo,all,40-44,2.0,56,56,39,17,41.839285714285715,1.9984844570922655,0.01949947157791962,0.9710409625140268,37.887164479828925,6.956776392099962,13.8741323553059,1.9016489727414954,98.04277064401124,16.839660891108274,11.902300176395926,9.84414269708509,-3.18089365738266,8.75,12.353741859135255,-6.995518194023185,0.0,0.0,0.0,0.0,True
sevo,all,40-44,2.1,50,50,35,15,42.06,2.1009510956822584,0.016864286718549417,1.0092506526150584,37.12896821960062,6.730168870331711,13.653905736117313,1.8332661240165415,97.9156134471794,16.377590726944558,11.54714342622412,9.300812887619326,-3.88327399874372,8.5,11.8080100007186,-7.076777839325229,0.0,0.0,0.0,0.0,True
sevo,all,40-44,2.2,46,46,28,18,41.891304347826086,2.2044278162386455,0.02032160082660489,1.046005299872469,35.8156690010531,5.890877176365943,13.23581826324858,1.9792626071595918,98.08512245073265,17.01803157704156,11.953492661926846,9.191755910828237,-3.839580150411673,8.0,12.016733844225598,-7.826275666213326,0.0,0.0,0.0,0.0,True
sevo,all,40-44,2.3,25,25,18,7,42.64,2.2932203040979804,0.025969536145553408,1.1016802315994476,34.56876769645015,6.0233809740742865,12.58286797064046,2.2637280782227553,98.1119272216757,16.990894967207996,11.627892019616441,7.651911392081509,-4.859256969243781,8.0,10.977017509208206,-9.338983575126486,0.0,0.0,0.0,0.0,True
sevo,all,40-44,2.4,27,27,18,9,42.407407407407405,2.4012032934918683,0.018955342621726805,1.1454376790994478,34.99939069469678,5.6718174489023765,12.482684946050982,1.728886616706711,98.16076822836457,17.149237163773677,12.079300445078829,8.241880021318652,-4.5955619000876515,8.0,11.600328539647156,-8.907357142455025,0.0,0.0,0.0,0.0,True
sevo,all,40-44,2.5,14,14,9,5,42.857142857142854,2.5011025916164122,0.02903170403175409,1.2036114564586786,34.22428289203949,6.273328087129561,12.646088577900082,1.9194072682475811,98.3657869757641,16.961901252128254,12.288146223830609,8.218511789374805,-4.549650997925028,8.0,11.599000031763797,-8.74338946275345,0.0,0.0,0.0,0.0,True
sevo,all,40-44,2.6,14,14,9,5,41.857142857142854,2.594387031630391,0.02037792170279514,1.2222726263948493,34.67017022746482,7.571099813312571,12.512749790112,2.0656415993342487,98.75112755004139,18.07652257101105,12.652020629299232,8.712168472022853,-3.899934795683301,8.0,12.23338256743793,-9.364354098988198,0.0,0.0,0.0,0.0,True
sevo,all,40-44,2.7,12,12,7,5,42.416666666666664,2.692526048738768,0.02911851621257809,1.2907285915131474,37.29897678061906,7.1422433188167656,12.488248235225264,2.1178611685819786,98.01689692723255,18.133792284630307,12.15335336818947,7.359870012323053,-3.718433046029333,8.0,11.090568501605917,-10.773922272307253,0.0,0.0,0.0,0.0,True
sevo,all,40-44,2.8,10,10,7,3,42.9,2.802464190404862,0.016879517815719346,1.3470924127024289,33.67242314555993,4.428440743548506,12.060218343020727,1.0942931059550194,97.21116592248282,17.38447278864386,12.357321363586419,7.891593616954864,-5.060858024342831,8.0,11.332502511953185,-9.492879171688998,0.0,0.0,0.0,0.0,True
sevo,all,40-44,2.9,7,7,4,3,42.57142857142857,2.9126060718493094,0.02264655119998041,1.3963048487724292,37.64715221499404,4.213001159937909,11.974210755935028,1.0011599423343414,98.31559531206176,17.38352515445025,12.435288111575499,8.375572799243924,-4.817360791131386,8.0,11.824101984662361,-9.007952355206326,0.0,0.0,0.0,0.0,True
sevo,all,40-44,3.0,3,3,3,0,43.0,2.992495680264094,0.03497887483376575,1.4239995478523069,44.93874351539546,3.552065715611872,12.048666874215833,1.4317416586221832,97.32897185699807,17.630315763096824,12.046753921320926,8.228617505660933,-4.177926017827121,8.0,10.82888359375913,-9.401698257435891,0.0,0.0,0.0,0.0,False
sevo,all,45-49,1.0,41,41,25,16,46.951219512195124,1.0106978887852993,0.027138805940368785,0.5922141812864323,46.630468280649765,9.490276470872454,15.536233870282283,2.558933967476761,98.2097255812549,13.647059926299937,9.593788399348142,9.19769464156384,-2.7508535435340895,10.0,11.124464400727987,-4.449365284736095,0.0,0.0,0.0,0.0,True
sevo,all,45-49,1.1,43,43,22,21,47.02325581395349,1.0996156020646792,0.025717581571878846,0.5885534832693091,47.31478679926503,11.371482321902914,15.66453983883352,2.7056029557766497,97.81506316136252,13.402892815081612,8.952652839806847,8.86966881027418,-3.112318571535498,10.0,10.771110102641462,-4.533224004807436,0.0,0.0,0.0,0.0,True
sevo,all,45-49,1.2,45,45,27,18,46.955555555555556,1.198281559055947,0.027615172348875623,0.6230868222678286,46.50744487902633,9.519848898291952,15.611493359386092,2.167720160611467,97.92439390085363,13.788703236209788,9.829324495057591,9.705411714417775,-2.972564213228736,10.0,11.401749184675941,-4.083291521792012,0.0,0.0,0.0,0.0,True
sevo,all,45-49,1.3,51,51,34,17,46.76470588235294,1.301521748225083,0.024994761813190484,0.6627962988943966,48.29762085527912,8.718594357756835,16.01059391271518,2.3582159181572777,97.52650902604356,13.531034251114445,9.55926056851285,9.854418180543927,-2.618788513906003,10.5,11.36195127507526,-3.676616070570518,0.0,0.0,0.0,0.0,True
sevo,all,45-49,1.4,73,73,49,24,47.28767123287671,1.4033397322419614,0.020898677520313914,0.7028520006863465,45.7547450331044,7.595376826624085,15.432599813679921,2.0849549416041477,97.95923486724836,14.270046286064732,9.915035852661019,9.639942006827248,-2.9125838298397912,10.0,11.226764226184592,-4.630104279237482,0.0,0.0,0.0,0.0,True
sevo,all,45-49,1.5,83,83,55,28,47.325301204819276,1.4977125685690085,0.023472315861968823,0.744015040189443,43.748421005243394,7.341884367840474,15.050109902734917,2.1233176699989182,98.05102104292098,14.721905687657953,10.25973384423185,9.683088036702996,-3.1976976079117483,9.5,11.479607077563061,-5.038817650954957,0.0,0.0,0.0,0.0,True
sevo,all,45-49,1.6,74,74,38,36,47.28378378378378,1.5958650277333906,0.01851747389257115,0.8079005760379315,43.46540998295789,7.469584622757422,15.043062372675987,1.8794915843852382,98.04177310802378,15.086607384049806,10.32825640775288,9.672369266561185,-3.138699041990375,9.75,11.369277594125009,-5.4142381174886225,0.0,0.0,0.0,0.0,True
sevo,all,45-49,1.7,71,71,42,29,47.2112676056338,1.7080393841928483,0.02266193213805897,0.8412866797174127,42.138448676986386,6.688378875558144,14.6653871941542,2.0648817055156607,98.00235641243313,15.566426028126347,10.673605280787287,9.532776781066891,-3.340171461393168,9.5,11.336846687444368,-6.033649247059457,0.0,0.0,0.0,0.0,True
sevo,all,45-49,1.8,58,58,40,18,46.827586206896555,1.7940825671722962,0.02451389057259655,0.9038171114218716,41.37703126069672,7.148215613468776,14.499464444606833,2.3311574680205167,98.02705493959031,15.741565041173468,11.067631200585833,9.509315617171943,-3.2147775354296715,9.0,11.541289435648036,-6.232249424001525,0.0,0.0,0.0,0.0,True
sevo,all,45-49,1.9,71,71,42,29,47.140845070422536,1.9035674109846186,0.02321722472601915,0.9485565102365121,38.66747250448335,6.0936597802619294,13.826891245027488,2.0480013916658995,98.29408707909042,16.131844053913174,11.126270786176427,9.11226697217699,-3.8664402841947276,9.0,11.299074210303115,-7.019577081736187,0.0,0.0,0.0,0.0,True
sevo,all,45-49,2.0,83,83,50,33,47.12048192771084,2.0023468757950584,0.01985833671898633,1.0004743188431666,38.27660155239474,6.367373691420854,13.807270964386921,1.7267751386283858,98.04645890904119,16.2263267297459,11.531596049227465,9.385392945494463,-3.7188219818899864,9.0,11.716515682112252,-6.840933784251439,0.0,0.0,0.0,0.0,True
sevo,all,45-49,2.1,68,68,43,25,47.11764705882353,2.104011392143701,0.020476959665974084,1.0317324450801073,37.21134392996593,6.697766199382406,13.449936727237175,1.7344195174799457,98.10175950106452,16.237245597660976,11.656950323085768,9.316383191153417,-4.10099442647621,8.5,11.801808753829,-6.9208624065075615,0.0,0.0,0.0,0.0,True
sevo,all,45-49,2.2,63,63,40,23,47.12698412698413,2.2061928783237894,0.022013431722523142,1.1064039962132162,37.387826781913084,6.175591751038399,13.306542248488773,1.778038797759109,98.03495128288786,16.72720926072026,12.073599998106367,9.415321199722207,-3.8999430591212096,8.5,12.126362924391247,-7.311888060998057,0.0,0.0,0.0,0.0,True
sevo,all,45-49,2.3,27,27,20,7,47.44444444444444,2.2951121185371584,0.021951166778157016,1.1350984074244346,36.93145857201314,5.685088950485864,12.592196962467314,1.8427309341881035,97.77401343070798,17.509132830316666,12.327740260179931,8.827183092099933,-3.940139898662318,8.0,11.85228196826133,-8.681949738216732,0.0,0.0,0.0,0.0,True
sevo,all,45-49,2.4,40,40,24,16,47.25,2.4012121386826037,0.022360534965510243,1.209481964429336,36.531017089762415,6.228327839441359,13.026008165174474,1.858605646920088,98.37549998857081,16.680495301648286,11.777933685291043,8.969036725684031,-4.400557855995334,8.5,11.7831909609753,-7.7114585759642535,0.0,0.0,0.0,0.0,True
sevo,all,45-49,2.5,22,22,14,8,47.04545454545455,2.4951032724224427,0.029005043054422686,1.2351932595074742,36.748373579866055,7.771647481245904,12.526770845857083,2.3083360046783565,97.95223928640286,17.72285704053307,12.327576638889155,9.01480404286026,-3.805729488714421,8.0,11.827084854947577,-8.708052997672812,0.0,0.0,0.0,0.0,True
sevo,all,45-49,2.6,32,32,16,16,47.375,2.594564556037949,0.022414948597375178,1.290302105966354,36.00759338062878,7.3245202748024205,12.603240400901996,1.920459944291795,97.76033371087784,16.9193724155466,11.693283431921406,7.857563249054641,-4.7749244683264065,8.0,10.968714417181337,-9.061809166491958,0.0,0.0,0.0,0.0,True
sevo,all,45-49,2.7,27,27,14,13,47.333333333333336,2.7002064227419735,0.021586871578466768,1.334185680013472,37.10825303995315,6.096573113122046,12.515437914603561,1.5302534330752677,97.66548597021603,17.583152866833263,12.34149142745134,8.324832528906116,-4.093893820129437,8.0,11.6277363964086,-9.258320337927147,0.0,0.0,0.0,0.0,True
sevo,all,45-49,2.8,8,8,5,3,47.875,2.8053409683421098,0.011282026844412844,1.4158951622395155,38.59174403309201,5.240419624056142,12.156904353325565,1.8512156941416593,96.21474517919123,16.153922969312806,11.167920314956813,6.601524450933592,-5.375058079806149,8.25,10.065609646396611,-9.552398518379213,0.0,0.0,0.0,0.0,True
sevo,all,45-49,2.9,10,10,5,5,47.6,2.898578173470063,0.022447233946813274,1.4409596213403468,35.42010543461889,5.91408450350635,11.029996269953747,1.4737420183354137,98.42956476668516,17.64624212792463,11.844500622394163,6.364923785656737,-5.73834200362964,8.0,10.158266675916236,-11.281318342267893,0.0,0.0,0.0,0.0,True
sevo,all,45-49,3.0,3,3,2,1,46.333333333333336,3.000818136153329,0.03540773054326923,1.4585937401279807,36.69970701038837,0.3934666193386334,12.202569421297975,1.268846130011376,96.71432018395926,18.27884268201682,11.202025365799264,5.216424483629009,-3.80627437161805,8.0,8.705128688420988,-13.062418198387812,0.0,0.0,0.0,0.0,False
sevo,all,50-54,1.0,49,49,29,20,52.36734693877551,1.0018506883913618,0.026001770974493736,0.5923212997180958,48.62016451570149,10.386931631571365,16.094750870699635,2.645295292950384,97.9506142035228,12.521477725828047,8.887383960262001,8.885204693233632,-3.236336652777101,9.5,10.716042623129352,-3.636273032594414,0.0,0.0,0.0,0.0,True
sevo,all,50-54,1.1,47,47,31,16,52.57446808510638,1.0990398038459401,0.027696971491341548,0.606097780375994,48.952476344976226,8.012056072995568,15.848779929729167,2.4899687320134944,98.00356137715544,13.364736863113423,9.615582036753368,9.982414469932687,-2.605700315065753,10.0,11.917159547187243,-3.3823223931807362,0.0,0.0,0.0,0.0,True
sevo,all,50-54,1.2,55,55,29,26,52.527272727272724,1.2073520561201838,0.021855352760009095,0.6731013378694258,46.59653327611134,9.194311092717934,15.832616868846571,2.3429160601428713,97.56264149105007,13.631916159701207,9.645580725665035,9.31919535145137,-2.8259908720314924,10.0,11.093563894309813,-4.31272080824984,0.0,0.0,0.0,0.0,True
sevo,all,50-54,1.3,75,75,45,30,52.14666666666667,1.2970182886848018,0.02542280576274171,0.6861607669422713,44.861252526556456,8.471108695877044,15.500649668409594,2.1530210996033348,97.97065026807785,14.544722609296446,10.515117023223427,9.73555648781204,-2.568291056146175,9.5,11.641623558008773,-4.809166121484405,0.0,0.0,0.0,0.0,True
sevo,all,50-54,1.4,85,85,50,35,52.27058823529412,1.4018153890901628,0.02271836374926805,0.7227457047722248,45.116964248933044,8.90671923144444,15.445193842235296,2.3261938456173374,98.08324271018014,14.489394494258974,10.128921166715209,9.277095415474086,-2.975586190285274,10.0,11.051625089920533,-5.212299078784888,0.0,0.0,0.0,0.0,True
sevo,all,50-54,1.5,82,82,43,39,52.24390243902439,1.5023077050840097,0.021592483146409693,0.7823436752938461,45.392062912060595,8.025064974488227,15.529595284347945,2.23955486367124,98.01013285044611,14.302463072680448,10.069806121925723,9.43065408301617,-2.9101982153340655,10.0,11.261562193450942,-4.871808989664277,0.0,0.0,0.0,0.0,True
sevo,all,50-54,1.6,97,97,57,40,52.154639175257735,1.596489833877502,0.021452168502545676,0.8112214162687713,43.36745408489353,8.037667342309366,14.993538853908884,2.3302063780798337,97.81863644096961,14.965946238376114,10.372542030923215,8.98523922680298,-3.210134051177556,9.5,11.069899213496617,-5.980707011573135,0.0,0.0,0.0,0.0,True
sevo,all,50-54,1.7,78,78,40,38,52.05128205128205,1.7109032221799159,0.021160098675571247,0.8764349528383882,42.300365827262844,7.9859876449951335,14.658395597114204,2.514786084536933,98.10282986595209,15.298302075393494,10.407523062299141,8.711669919559466,-3.516700298027705,9.0,10.869156545896256,-6.586632155834027,0.0,0.0,0.0,0.0,True
sevo,all,50-54,1.8,65,65,39,26,52.246153846153845,1.795265795795056,0.021673806210439264,0.9122599996812045,39.96151793329189,6.613460222705862,14.441867898655817,1.9658254919056932,97.61625425915688,15.690959321960007,10.983619049986586,8.716814351811307,-3.444889747566685,8.5,10.969222182305373,-6.9741449701487,0.0,0.0,0.0,0.0,True
sevo,all,50-54,1.9,75,75,44,31,52.24,1.9039934671116578,0.019628918465471483,0.9928241312390503,40.90758159862293,6.830284121391046,14.083725665056045,2.1116605045236465,97.692066818032,15.541498489438426,10.853799081617668,8.320978722908436,-4.07935350262916,8.5,10.631798377048144,-7.220519766529994,0.0,0.0,0.0,0.0,True
sevo,all,50-54,2.0,71,71,39,32,51.985915492957744,1.9998809660964167,0.023165299242402133,1.0103420291211294,39.10165326072891,6.553714986464654,13.758746489122545,2.084320441342008,98.03465131787067,16.399865384464306,11.823527175617063,8.95187576339431,-3.5869886717730406,8.5,11.592995474480146,-7.447989621069995,0.0,0.0,0.0,0.0,True
sevo,all,50-54,2.1,77,77,40,37,51.922077922077925,2.1036662223981697,0.023083779633984277,1.068161456228246,39.485091900273964,6.6183164083617125,13.593562497248575,2.0964333541001077,98.2116986950045,16.071500181974997,11.627654423210368,8.285754051307869,-3.9707250004872607,8.0,11.072526364972946,-7.785746130667128,0.0,0.0,0.0,0.0,True
sevo,all,50-54,2.2,66,66,33,33,52.07575757575758,2.2014652533504893,0.025698165502010928,1.1125069303038257,38.58460158311734,6.558151716909343,13.567064349461498,1.9866228845859581,97.66518133779367,16.27512542664141,12.004499038411447,8.425706649980034,-3.832789995364514,8.0,11.440556893889955,-7.849418776661373,0.0,0.0,0.0,0.0,True
sevo,all,50-54,2.3,41,41,26,15,51.75609756097561,2.3016031381257664,0.024004462154443816,1.1826537405941409,37.70755588399867,6.640430291818474,13.346633708452792,1.9046714647652825,97.8761132238357,16.66396418430005,12.034214812059743,8.488836546393443,-3.8379367340057255,8.0,11.449076861829221,-8.175127637906606,0.0,0.0,0.0,0.0,True
sevo,all,50-54,2.4,58,58,30,28,51.94827586206897,2.4013924008660856,0.023555602867845537,1.2116275235356215,37.589119078848384,6.116982471434365,13.113116189914532,1.7872231743654727,97.90415094079471,16.3340968854868,11.658369415938347,7.58416079309348,-4.356402272800843,8.0,10.610718930940573,-8.749936092393323,0.0,0.0,0.0,0.0,True
sevo,all,50-54,2.5,26,26,14,12,52.0,2.500031800480344,0.027268961751487703,1.2725941425738618,37.35589567248065,5.872352758293285,13.443325108535683,1.5112920358269935,97.73367610355982,15.564334448441086,11.413513714644834,7.5574310276446095,-4.582279331462771,8.0,10.385233359160935,-8.006903420796478,0.0,0.0,0.0,0.0,True
sevo,all,50-54,2.6,29,29,15,14,51.827586206896555,2.6041217130533925,0.02166032008574932,1.3353629847110686,38.1716724872375,5.226291781611608,13.00061959537367,1.6604523806787552,98.21038009209194,16.575983550161403,11.590425295212967,7.753718552466647,-4.4503627534409835,8.0,10.55170956496144,-8.822264997694756,0.0,0.0,0.0,0.0,True
sevo,all,50-54,2.7,22,22,12,10,51.90909090909091,2.7017806145440164,0.02209845473190997,1.4195821301256673,39.714865031132874,7.622057913881422,12.610621434639235,1.5077415379436085,98.12433343759993,16.85464758118056,11.708518209871016,7.0687182594754265,-4.5107512361763495,8.0,10.194858637414058,-9.785929321705133,0.0,0.0,0.0,0.0,True
sevo,all,50-54,2.8,14,14,7,7,51.5,2.7923474627081304,0.02419888780105468,1.4272228249243373,37.60470981144657,5.597807707187835,12.350743486985033,1.5519705267102895,96.80588425447544,16.855318557353964,12.316784263253847,6.972684124221977,-4.956763534944176,8.0,10.286937218922217,-9.882634433131985,0.0,0.0,0.0,0.0,True
sevo,all,50-54,2.9,14,14,5,9,52.214285714285715,2.894746614380607,0.02226356782770697,1.4820898403369245,38.24254232478284,4.938392601046517,13.067900525712009,1.7448215159934632,96.80076907415476,15.552308693363392,10.913431118720606,5.806390611396437,-5.008303271339529,8.0,8.941914716737141,-9.745918081966957,0.0,0.0,0.0,0.0,True
sevo,all,50-54,3.0,8,8,5,3,51.0,2.994899091576614,0.018531484605429593,1.508534344494304,35.613257613033056,3.3940964447537274,12.237025870662183,1.34676042344768,96.20768518056721,17.135330706244517,11.918595545788166,5.9595713678434485,-4.5418002477921,8.0,9.90633273766213,-11.175759338401068,0.0,0.0,0.0,0.0,True
sevo,all,55-59,1.0,72,72,30,42,56.97222222222222,1.0063989293503388,0.02554500597467529,0.6118170449810147,46.154604046346826,9.676611507459922,15.704988253873738,2.707710526438548,98.17343805082557,12.689602012629727,9.158831897757509,8.245848321657716,-3.5254799301956523,9.25,10.25802753988157,-4.44375369097201,0.0,0.0,0.0,0.0,True
sevo,all,55-59,1.1,80,80,36,44,57.125,1.10350457802866,0.02373672196328789,0.6238011237194344,47.7222082432732,9.883321932308881,16.089240927324475,2.6118746938920023,97.77376476636155,12.52842844179613,8.781363336719595,8.816955560931403,-3.030907203755256,10.0,10.851030362590908,-3.711472880864727,0.0,0.0,0.0,0.0,True
sevo,all,55-59,1.2,84,84,34,50,56.98809523809524,1.2016999397079446,0.0250823366166528,0.6701532426899085,47.75655893790166,9.565105295774782,15.981294169741876,2.5407141536045446,98.0190501935721,13.012479209189502,9.296125589800866,8.895649654529178,-3.02442509250709,9.5,10.828516274982073,-4.116829554660324,0.0,0.0,0.0,0.0,True
sevo,all,55-59,1.3,100,100,43,57,57.18,1.296600623817416,0.023172745060221777,0.7240021465162281,44.43644466937582,8.566946011009351,15.222122169297188,2.352664037022914,97.70108451316257,14.041682471772546,9.98758281316656,8.57286175973756,-3.4830407878740153,9.0,10.814513768783012,-5.468820712034987,0.0,0.0,0.0,0.0,True
sevo,all,55-59,1.4,121,121,58,63,56.950413223140494,1.3991616412553072,0.021850959895861694,0.7547682048550058,45.00120202046678,8.81286634197153,15.558099547643266,2.0863917192595394,98.0965059061845,14.327269857719124,10.483582846166632,9.531220955268543,-2.6765222145678957,9.5,11.56963333526245,-4.79604890245058,0.0,0.0,0.0,0.0,True
sevo,all,55-59,1.5,125,125,51,74,57.008,1.4993559373941272,0.02247209612728595,0.8067961002057418,44.69069739483595,8.773130248260767,15.376937867139777,2.489272838285984,98.01747490248282,14.693153534693511,10.685056021635024,9.521264985949482,-2.7922125388982195,9.5,11.539793380501763,-5.171888548744027,0.0,0.0,0.0,0.0,True
sevo,all,55-59,1.6,132,132,62,70,57.09090909090909,1.5994055530829518,0.021523564517278167,0.8340952544376393,43.2085055286601,8.545894798016748,14.874402603337241,2.309393663323991,98.14387324505833,15.1314270048603,10.916638982141896,9.298683911563245,-3.1341112987119,9.0,11.475438018783773,-5.832743093297054,0.0,0.0,0.0,0.0,True
sevo,all,55-59,1.7,130,130,50,80,56.92307692307692,1.7055788079963234,0.02133292328699363,0.9120130538652974,42.683348947671746,8.088389694947175,14.875798104617935,2.258890023641876,97.99298424664217,15.113337273742566,10.890557229567483,9.117097396884738,-3.2490194160382773,9.0,11.341408175777515,-5.996239876857828,0.0,0.0,0.0,0.0,True
sevo,all,55-59,1.8,96,96,49,47,57.208333333333336,1.7932642685513809,0.022200448128372966,0.9485684424720401,40.324726090375854,6.497835850369921,14.567652463771973,2.105295207397916,97.79473539269013,15.695466751947166,11.306475117488219,8.672755701498717,-3.157796394530907,8.5,11.105731447982253,-7.022711050448447,0.0,0.0,0.0,0.0,True
sevo,all,55-59,1.9,131,131,62,69,57.05343511450382,1.8981021148751018,0.02135036679288535,1.010936408272308,39.54745190200365,6.744313723233985,14.190586844104658,2.04924220313729,97.82326543857806,15.934233003023602,11.466623118462989,8.581669940539443,-3.5532326631171274,8.0,11.127510982673668,-7.35256306248416,0.0,0.0,0.0,0.0,True
sevo,all,55-59,2.0,117,117,57,60,56.94017094017094,1.9975308729979102,0.020758001921687752,1.0307406363582259,40.178531471841524,7.106114295595389,14.288406523758614,2.151015625416762,97.8702028505398,16.0470552538382,11.691819793528188,8.612970755865938,-3.2862296130983144,8.5,11.126305787503318,-7.434084497972261,0.0,0.0,0.0,0.0,True
sevo,all,55-59,2.1,102,102,42,60,56.970588235294116,2.0989274313451958,0.023326697122667585,1.1026186106355975,39.40118902608436,6.9009889599390695,13.984794613799032,2.108153341253351,98.08824552828872,15.715992532365254,11.456103367734926,7.999431075903137,-3.9222822299545106,8.0,10.833250085272885,-7.7165614564621166,0.0,0.0,0.0,0.0,True
sevo,all,55-59,2.2,80,80,32,48,56.7375,2.2031300681844974,0.021739172703826543,1.1620788086006846,38.56517953477489,6.519682177732713,13.75284038249869,2.0371603012005473,97.88518137805785,16.164492288419048,11.932590882635235,8.227525031030215,-3.7722020152267604,8.0,11.181010360618322,-7.936967257388835,0.0,0.0,0.0,0.0,True
sevo,all,55-59,2.3,42,42,15,27,56.95238095238095,2.2924006299437245,0.024085281169290724,1.2071027460293695,39.1790553724955,6.911671506521375,13.469005221777433,2.1873492173332725,97.47650771311352,16.25491806023669,11.778078581157736,7.155839877328473,-4.094301160122742,8.0,10.390186976110014,-9.099078182908219,0.0,0.0,0.0,0.0,True
sevo,all,55-59,2.4,52,52,24,28,56.88461538461539,2.4010863012114827,0.023238644850746976,1.2547440945657375,38.31933779693806,6.564696503387411,13.810520645442349,2.1337684254746683,97.76817232151635,16.022306585624918,11.619023413004332,7.531466374357253,-4.006485395043568,8.0,10.509856125746843,-8.490840211267665,0.0,0.0,0.0,0.0,True
sevo,all,55-59,2.5,36,36,9,27,57.02777777777778,2.4943062874872273,0.02554992196020354,1.299567388260901,37.096087265280254,6.051988952661107,13.212421557602163,1.7801313886783667,98.09293902185227,16.075799412378874,11.873282291227598,7.2377624643683935,-4.356414882107094,8.0,10.56885103189644,-8.838036948010478,0.0,0.0,0.0,0.0,True
sevo,all,55-59,2.6,34,34,15,19,57.0,2.6036833127629575,0.02415729183840445,1.3762457623451207,36.8596070753447,5.812478317718428,12.877593836579107,1.4970351338205377,97.38584868923998,16.1740221174558,12.132342346730658,7.168435464872343,-4.448939871949547,8.0,10.722270679208876,-9.00558665258346,0.0,0.0,0.0,0.0,True
sevo,all,55-59,2.7,32,32,13,19,57.09375,2.7000101780203596,0.026533419222362378,1.418038514956182,35.90071917845635,7.3059387397728495,12.977058489496509,2.1918823092643662,97.48718419905441,15.765536792605086,11.551287896194188,6.441955736677782,-4.923377417820368,8.0,10.151030299350527,-9.323581055927304,0.0,0.0,0.0,0.0,True
sevo,all,55-59,2.8,22,22,8,14,57.04545454545455,2.808359663894005,0.023835341472799386,1.4600591760834285,37.064031071396485,4.136932640078159,11.901700776313065,1.6082112669764435,97.30654295276513,16.38113002553084,11.819074948557928,6.376328742192058,-5.485662999998889,8.0,10.084423912264073,-10.004801283338784,0.0,0.0,0.0,0.0,True
sevo,all,55-59,2.9,15,15,9,6,57.13333333333333,2.883950997010494,0.018030938397414972,1.4921341127985055,35.83530678865811,4.3450930053471,12.745543651762937,1.7524419415180448,96.95813278638654,17.550249378392397,12.931847880409926,7.555370430577786,-3.6100106195517787,8.0,10.835246671591927,-9.99487894781461,0.0,0.0,0.0,0.0,True
sevo,all,55-59,3.0,11,11,5,6,57.27272727272727,2.990682426828778,0.02699653060977808,1.6012872945439691,38.009772669433644,6.214536029002726,12.468655999586213,1.5607317969840375,97.52802752974358,16.414000384664998,12.351533171421375,6.635305921735866,-4.687213130020154,8.0,10.224478586894755,-9.778694462929131,0.0,0.0,0.0,0.0,True
sevo,all,60-64,1.0,73,73,27,46,62.12328767123287,1.0013175142361765,0.02664665485253371,0.6231573825440535,48.517959186524905,9.291905246035226,15.916302807137507,2.609869837081762,98.4448925144256,11.999857193087397,8.740167719248173,8.346065466364164,-3.7817563146187365,9.5,10.394201579560189,-3.6537917267232314,0.0,0.0,0.0,0.0,True
sevo,all,60-64,1.1,77,77,27,50,61.96103896103896,1.1041560342144807,0.026682515552946495,0.6688981489484497,48.03766899364335,9.611122145128379,15.938308307297076,2.945773895421271,98.05789467196314,11.832445532984853,8.518827080025718,8.184308205882402,-3.9904248236774205,9.5,10.332821369136736,-3.648137327102451,0.0,0.0,0.0,0.0,True
sevo,all,60-64,1.2,85,85,30,55,62.03529411764706,1.2027289608828542,0.02706535971960896,0.6826096910300811,49.15044790657274,8.964471893616903,16.34664095969688,2.353746174302158,97.86786861005952,12.435741526177127,8.642238637462516,8.342098640807345,-3.2325761598444673,10.0,10.439003864729267,-4.093642885369782,0.0,0.0,0.0,0.0,True
sevo,all,60-64,1.3,91,91,41,50,62.05494505494506,1.2917778921253031,0.024110431022047307,0.7221622422074851,46.4983328982096,8.353380380450831,15.777196548443847,2.343180967821074,98.0893018257869,13.603695243881212,9.806558190982575,9.000534687207226,-3.091470868232998,9.5,10.98579142143548,-4.603160556673985,0.0,0.0,0.0,0.0,True
sevo,all,60-64,1.4,129,129,55,74,61.82945736434109,1.4016845606293322,0.02118456908083988,0.7748951813878999,46.82111485120708,8.06434326164837,15.927190917708671,2.2875940201754936,97.89393929190722,13.37252350921647,9.331973586601302,8.477172572180995,-3.2149311295781344,9.5,10.394105912040857,-4.8953509370354755,0.0,0.0,0.0,0.0,True
sevo,all,60-64,1.5,137,137,58,79,61.97080291970803,1.5012092270270907,0.019983740351803496,0.8096583775545181,46.05439081839637,8.563400677609591,15.81761384292884,2.2836806838720434,97.87497917071094,13.738119445597002,9.873932499580016,9.019589662427725,-2.973264353883406,9.5,10.939437936880745,-4.7185297831692745,0.0,0.0,0.0,0.0,True
sevo,all,60-64,1.6,131,131,56,75,62.00763358778626,1.5957167142650834,0.01954855972321085,0.8640170197956425,45.200833479404146,8.457975680594517,15.605340455328387,2.1363194419057936,97.93496791350705,14.048780443458387,10.167812952243823,9.050530281424358,-3.1008953077344845,9.5,10.969532677263071,-4.998250162034029,0.0,0.0,0.0,0.0,True
sevo,all,60-64,1.7,104,104,41,63,62.04807692307692,1.7045983859546818,0.023842203302082542,0.9245013765858274,44.33005106287937,8.43049221174098,15.365338464921269,2.143789983866643,98.06436305249062,14.489691803257342,10.287249876693863,8.742392484910415,-3.276689099894555,9.5,10.852538801704368,-5.747299318346927,0.0,0.0,0.0,0.0,True
sevo,all,60-64,1.8,104,104,46,58,61.88461538461539,1.7947604641534733,0.024706528857485473,0.991390598693173,40.79725834926805,8.114920681106376,14.629361402850527,2.4133858066919682,97.96106285211175,15.002294383327897,10.861838999978971,8.236333184326593,-3.74080775739587,8.5,10.879486272263433,-6.765961199001302,0.0,0.0,0.0,0.0,True
sevo,all,60-64,1.9,131,131,51,80,61.916030534351144,1.903048938754875,0.019685724504342507,1.017870551613207,41.07139594949137,6.998265698002373,14.63715920714524,2.033237031794769,97.91434925438566,14.952597347032507,10.833173311087931,8.175791287454135,-3.819532825017737,8.5,10.598513904144268,-6.776806059578371,0.0,0.0,0.0,0.0,True
sevo,all,60-64,2.0,119,119,55,64,61.90756302521008,1.9989798767368259,0.01973799962154546,1.089331413671004,40.84827960596762,7.020348940853183,14.422974752464674,2.2085279130866478,97.9854105288408,15.379786906977282,11.526649260247092,8.497601087284998,-3.4825187937217565,8.0,11.19730771363815,-6.8821858196922845,0.0,0.0,0.0,0.0,True
sevo,all,60-64,2.1,108,108,37,71,62.03703703703704,2.100345462677213,0.022769709491867327,1.1336371779985823,39.98225484532591,7.755214549923802,14.279681494325562,2.2096255413255728,98.11472011281201,15.026272769236268,11.103277334095894,7.810530099537975,-4.158378470990993,8.0,10.622712472823128,-7.215742669698294,0.0,0.0,0.0,0.0,True
sevo,all,60-64,2.2,80,80,26,54,62.0,2.194039077058163,0.023559158401886576,1.2068565639293714,40.13253287549441,7.363756907435818,14.06685423590786,2.453963712206081,97.69919272970408,15.10303201819695,11.122261448175063,7.222482977341036,-4.21476019597304,8.0,10.348525035549583,-7.880549040855914,0.0,0.0,0.0,0.0,True
sevo,all,60-64,2.3,45,45,17,28,62.06666666666667,2.2967994688233984,0.022696639123730787,1.229161766470686,38.925726379145075,6.231704950847444,13.782577849201582,1.6713244328779133,97.9734841221571,15.868113423296204,11.918296770517891,8.28881440173519,-3.8705463834065226,8.0,11.128198528923583,-7.579299021561015,0.0,0.0,0.0,0.0,True
sevo,all,60-64,2.4,54,54,20,34,61.94444444444444,2.3962029249703423,0.02141013797980818,1.301039465250919,37.906153536056756,6.70119591677608,13.611808836774003,2.1530847140078926,97.76875456040841,15.774979584953256,11.730029254918405,7.203976711948678,-4.316772668640421,8.0,10.636235278024094,-8.571002873004577,0.0,0.0,0.0,0.0,True
sevo,all,60-64,2.5,36,36,13,23,62.25,2.4965686490696735,0.026075411300509804,1.3616764075298744,38.90529653848046,6.32862600897807,13.218885278199902,2.1099561854237634,97.49632019517874,15.980632436842528,11.171013041196339,6.483494553440158,-4.644929815187756,8.0,9.667875968002498,-9.49713788340237,0.0,0.0,0.0,0.0,True
sevo,all,60-64,2.6,33,33,14,19,62.15151515151515,2.601343450217856,0.024956624448892087,1.4188089693905879,39.242309016610186,7.016016389414722,13.591810797416427,1.8923034900435427,97.56222741021352,15.292307228101885,11.460419373632641,6.474739014399151,-4.684638864811532,8.0,9.890935223145606,-8.817568213702735,0.0,0.0,0.0,0.0,True
sevo,all,60-64,2.7,30,30,12,18,62.266666666666666,2.7048201072743785,0.022535672749427336,1.4640006406716486,37.126566610129345,7.305674752967837,13.543700381769902,2.196869650058097,97.39138668500715,16.015221062149312,12.204135634780123,7.081592799761818,-3.929121884946334,8.0,10.362712806587366,-8.933628262387494,0.0,0.0,0.0,0.0,True
sevo,all,60-64,2.8,20,20,9,11,61.8,2.7937835313154697,0.023709993735005538,1.5131031899449106,36.66699768319726,6.248104662661229,13.558527631759642,2.2471935903147435,97.58230539225042,16.649585755670365,12.213811140165344,7.151204996882123,-3.8807809826135475,8.0,10.498569357648062,-9.49838075878824,0.0,0.0,0.0,0.0,True
sevo,all,60-64,2.9,9,9,4,5,62.666666666666664,2.9068612875934274,0.026411031120865996,1.569076260682023,36.609874066503515,6.576931578356262,13.221692331438815,2.122005668100852,97.24861113467702,16.868246070865425,12.915863385758898,8.039105260031704,-3.7394570796218694,8.0,11.348804764885251,-8.829140810833717,0.0,0.0,0.0,0.0,True
sevo,all,60-64,3.0,5,5,1,4,62.2,2.9868450561134763,0.028039427435640325,1.613460962739773,33.23852472727498,5.911758982978828,14.110313126022618,2.1003668673726925,97.93008627831935,16.026862829755427,10.876501983454975,6.492460421926792,-4.290563822204655,8.0,9.713575321676242,-9.534402407828637,0.0,0.0,0.0,0.0,True
sevo,all,65-69,1.0,54,54,16,38,66.9074074074074,0.9992595022008899,0.02594414061392268,0.6109622269450617,49.217289966335635,9.692085444431138,16.360419200195206,2.50033931803901,98.11917820501107,11.785783537357998,8.641492221420625,7.936793514854954,-3.442552136249108,9.5,9.773397400221343,-3.848990022503043,0.0,0.0,0.0,0.0,True
sevo,all,65-69,1.1,57,57,18,39,66.98245614035088,1.098608960959875,0.025480815716696834,0.6509798903329017,49.94084145057707,8.766189735366067,16.75285522407302,2.613045462488541,98.35668518661755,11.756385524875014,8.156841427622906,7.846294146960067,-3.3499379108538334,9.5,9.687662116417663,-3.9100913779149487,0.0,0.0,0.0,0.0,True
sevo,all,65-69,1.2,61,61,18,43,67.08196721311475,1.2068009514514295,0.026924542411403928,0.7296249586856628,48.45277559772704,8.50976417457194,16.22864636201615,2.4392085790921287,98.37965517837168,11.986330924883758,8.195514888340577,7.395115168256202,-3.8577821367915166,9.5,9.352304270029169,-4.591215756627554,0.0,0.0,0.0,0.0,True
sevo,all,65-69,1.3,81,81,31,50,67.08641975308642,1.297634198429655,0.02407949106249504,0.7327786567607998,47.11517283247301,8.67640238380989,16.027039367769202,2.0897438596337294,98.02845412589028,12.886587557139064,9.258664698331684,8.74349987083225,-3.3382902062748268,9.5,10.516240382097973,-4.143087686306813,0.0,0.0,0.0,0.0,True
sevo,all,65-69,1.4,94,94,34,60,67.08510638297872,1.3997094325713009,0.021836753821826864,0.7938128949062493,46.076220147287906,8.920984661389245,16.01137381939297,2.1419374300148872,98.27265714028097,13.279288869661091,9.679243288911541,8.702755468781522,-3.1137304419563887,9.0,10.75864860924416,-4.576533400879569,0.0,0.0,0.0,0.0,True
sevo,all,65-69,1.5,110,110,34,76,67.16363636363636,1.5014863284793682,0.021157772224751285,0.8225485964357556,45.82674814909471,8.22657385188565,15.611330004165682,2.1998585270607203,98.01973945335006,13.550248875378593,9.817421676659801,8.482026274296993,-3.4506890776366683,9.0,10.544530736204658,-5.068222601081599,0.0,0.0,0.0,0.0,True
sevo,all,65-69,1.6,109,109,32,77,67.04587155963303,1.6011463342817636,0.019655608337213023,0.8989030664907027,45.6760400046734,7.415186999286767,15.492451235416718,2.0157013975456115,98.2646963085193,13.667705046635675,9.941627602255908,8.536162831031396,-3.4957800417232425,9.0,10.594643548111264,-5.131542215604278,0.0,0.0,0.0,0.0,True
sevo,all,65-69,1.7,93,93,30,63,67.03225806451613,1.7061444640904833,0.023529803879651055,0.9590358200331558,45.87560070271079,8.35604538107255,15.523525188813208,2.0962078242055115,97.84296358660343,13.697395039062448,10.031429951250859,7.909005145417454,-3.5122329515657498,9.0,10.166528223188177,-5.788389893644995,0.0,0.0,0.0,0.0,True
sevo,all,65-69,1.8,75,75,24,51,67.14666666666666,1.794836951379871,0.026267996826869137,1.0015355921325584,44.17317117886742,8.639762111394626,15.525006617371407,1.9778294896879707,97.98097209527758,13.838477633574003,10.022959053947938,7.380542938436767,-3.7231050043095864,8.5,9.749769964382516,-6.4579346951372365,0.0,0.0,0.0,0.0,True
sevo,all,65-69,1.9,93,93,34,59,66.9247311827957,1.9022148489121742,0.020942447263782877,1.0497141126622562,43.37620294825925,7.183100722648718,14.9132462204217,2.005986657082591,98.18870199331245,14.341890386592814,10.638812845954545,7.89201572028864,-3.9167217954836833,8.5,10.361947493170868,-6.449874666304175,0.0,0.0,0.0,0.0,True
sevo,all,65-69,2.0,91,91,25,66,67.10989010989012,2.0023635531301465,0.022115267455820722,1.1102344675850118,43.2889888961796,8.303230085731732,14.746847634049535,2.1867043936656105,97.87645564042168,14.297624020005808,10.519845525240054,7.474083283833911,-4.308460386861454,8.0,10.093429492980865,-6.8235407361718945,0.0,0.0,0.0,0.0,True
sevo,all,65-69,2.1,84,84,28,56,67.11904761904762,2.1041376034824344,0.01941794381060251,1.1959440459746733,40.78205140951045,7.081322652548608,14.251427186597581,2.000961031057598,97.68142802876731,15.124423491408555,11.445722993652307,7.721911679517015,-3.8739207932668336,8.0,10.73518263957519,-7.402511811891541,0.0,0.0,0.0,0.0,True
sevo,all,65-69,2.2,66,66,17,49,66.95454545454545,2.2024356070619002,0.023525976794154007,1.2210416987948731,40.84909555950212,6.379521133698931,14.344876687028304,1.8542121363378334,97.58093938563358,15.028688932476749,11.183380684333633,7.482698211075151,-4.085443806514356,8.0,10.253694015436878,-7.545990721401596,0.0,0.0,0.0,0.0,True
sevo,all,65-69,2.3,46,46,17,29,67.3695652173913,2.2952090301280976,0.02403825942066432,1.2837763091103862,40.13958333513119,8.308727575553274,13.981907551279425,2.1437002242850807,97.58156439121002,15.070534719122584,11.466061789429899,6.380463379749798,-4.248155077120157,8.0,9.91492847901912,-8.690071339372787,0.0,0.0,0.0,0.0,True
sevo,all,65-69,2.4,39,39,11,28,67.28205128205128,2.3943827339830115,0.02369234073349715,1.326959268700801,41.770810609651555,8.771284530703452,13.9985454019573,1.9174496893846475,98.08673228243222,14.736743984231776,11.175625618385014,6.18140625027087,-4.690930721733142,8.0,9.579377880164504,-8.555337733960908,0.0,0.0,0.0,0.0,True
sevo,all,65-69,2.5,25,25,9,16,67.0,2.4959184897666176,0.03050418616359528,1.4172804496561489,37.916271620998785,8.444090121572984,13.317649080832801,1.8737062328830196,98.12965773936112,15.565175901955032,11.363510429646412,5.965270168623955,-4.887037217176545,8.0,9.57832109671801,-9.599905733331076,0.0,0.0,0.0,0.0,True
sevo,all,65-69,2.6,28,28,6,22,67.03571428571429,2.594212424905882,0.024840411366385047,1.4301929777230336,41.82971097002072,9.360660790344244,13.995111514989375,1.9886098707286932,97.92071324593964,15.106908495008495,11.612656913088868,6.694437081246078,-4.377491112084409,8.0,9.975289641826762,-8.412471413762416,0.0,0.0,0.0,0.0,True
sevo,all,65-69,2.7,21,21,7,14,67.19047619047619,2.703899122167763,0.024625567588843718,1.5167227783051895,39.93217728997152,5.999639572956633,13.068258489292884,1.6430313782348969,97.70933804587713,15.294695260250275,11.407968519588882,5.141763347158466,-5.306269720343157,8.0,8.786484558675323,-10.152931913091809,0.0,0.0,0.0,0.0,True
sevo,all,65-69,2.8,17,17,5,12,67.82352941176471,2.8023537022490785,0.03264008251672304,1.5725934535064094,40.172696052922625,7.82898479712611,13.272474599406854,1.434815607637954,98.05119257575156,15.31925416998553,11.84798476755585,6.177140700052544,-4.872372782541513,8.0,9.643915091766766,-9.142113469932987,0.0,0.0,0.0,0.0,True
sevo,all,65-69,2.9,10,10,6,4,67.0,2.8825384433552004,0.025007719396224752,1.5974258039713216,39.74523105761657,11.260088538821481,13.63930234324187,1.73836799445925,97.22295106644432,17.179481784793143,13.351194990343723,7.658151365437244,-2.966653677768162,8.0,11.211560135136677,-9.521330419355898,0.0,0.0,0.0,0.0,True
sevo,all,65-69,3.0,8,8,3,5,67.5,3.002808435622137,0.014735224223918937,1.6637418790051015,46.72933842561518,6.130472022656791,14.010174308212784,2.265743503136661,97.85818947696437,15.099340748795019,11.426568060432219,5.586313096831311,-4.268151710932825,8.0,8.785641610912286,-9.513027651963707,0.0,0.0,0.0,0.0,True
sevo,all,70-74,1.0,47,47,25,22,71.95744680851064,1.0055301163455386,0.025185463411858518,0.6615576647479229,46.26735093722001,9.041350980539493,15.298062958474542,2.795791082200567,97.93804340008515,12.06351044804501,8.29923350883318,6.601491031915397,-5.173512553364404,8.5,8.781562470669556,-5.462019416129612,0.0,0.0,0.0,0.0,True
sevo,all,70-74,1.1,46,46,20,26,71.8695652173913,1.0936673636767555,0.024908575036551056,0.6391690894505819,46.860206199040555,9.608404633835683,15.782955857792842,2.748778775779097,97.26874372143892,12.067144679790664,8.06676865012634,6.863165719771005,-4.290698400066683,9.0,8.84265414054837,-5.203978960019657,0.0,0.0,0.0,0.0,True
sevo,all,70-74,1.2,57,57,18,39,71.7719298245614,1.2041617790675498,0.02259029066024283,0.7153297444418133,47.69757513427421,9.233083898817343,15.907608085724782,2.8364889608490396,98.05207532710499,11.455245995285152,7.608732371877149,6.111706945197229,-4.8792129400575295,8.5,8.273049308924655,-5.343539050087923,0.0,0.0,0.0,0.0,True
sevo,all,70-74,1.3,64,64,31,33,71.5625,1.2907687115553321,0.023169162170295715,0.7580457561990745,48.2448262778363,8.510611523236765,16.175509903856437,2.950489917262319,97.84798054063383,12.286448409551639,8.68542403795205,7.352227952026005,-3.8332664140486155,8.75,9.275789387083964,-4.934220457525634,0.0,0.0,0.0,0.0,True
sevo,all,70-74,1.4,79,79,35,44,71.75949367088607,1.3987772550720738,0.019907473409032286,0.8030646848925567,46.32873582524181,9.178864146452838,15.529341463275049,2.645763395739496,97.85402926208475,12.918120865262408,9.352766837967508,7.390373939981796,-4.143418509294925,9.0,9.600637116057888,-5.527746925280612,0.0,0.0,0.0,0.0,True
sevo,all,70-74,1.5,96,96,41,55,71.76041666666667,1.501648017406276,0.020977950784807096,0.8584885607430301,45.352520997189764,9.071425432028114,15.612798555120955,2.300850174743328,98.18626980411614,12.590841291297295,9.008079637539916,7.00714537355677,-4.2842176124649,8.5,9.324327746838973,-5.583695917740524,0.0,0.0,0.0,0.0,True
sevo,all,70-74,1.6,84,84,34,50,71.82142857142857,1.5992095504784847,0.021430354336634348,0.9061663549872935,46.14506292517282,8.50581711162377,15.672747636308507,2.209377904889825,98.31859182004655,12.918169911202277,9.261038485474797,7.2648624750171376,-4.199473998926803,8.5,9.552298597165512,-5.653307436185138,0.0,0.0,0.0,0.0,True
sevo,all,70-74,1.7,75,75,34,41,71.88,1.7026549778536169,0.022794152593438748,0.9775252579154136,45.715336108509035,9.771857523338982,15.831832683193188,2.1097951355023503,97.98059004501502,12.971009483699389,9.305943329946626,7.47312306414909,-3.777767185109234,8.5,9.699828899536364,-5.497886419550299,0.0,0.0,0.0,0.0,True
sevo,all,70-74,1.8,67,67,29,38,71.65671641791045,1.7911304548102436,0.024327516437150806,1.0158960118441522,41.95663644288903,9.032573943452162,14.927337338116521,2.192262605872902,97.86464048845703,13.467408563732036,9.707882248822932,6.071097159914398,-4.669041395653385,8.0,8.77634656889099,-7.396311403817639,0.0,0.0,0.0,0.0,True
sevo,all,70-74,1.9,86,86,35,51,71.70930232558139,1.9004583555596788,0.02197734472373316,1.0860335113065562,42.37915310674571,8.4944516666595,14.994114142360326,1.885438635105766,98.03738822938743,13.700599705522288,10.003746057549893,6.5905394536379704,-4.458854282074902,8.0,9.34186725981203,-7.110060251884317,0.0,0.0,0.0,0.0,True
sevo,all,70-74,2.0,71,71,32,39,71.6056338028169,1.9982595984677527,0.020795234452281455,1.138818161358659,42.98196558668125,7.815464994248845,14.910994151511838,2.2314126732284922,97.67985179451568,13.953250013726793,10.542787299895354,6.773479493569415,-4.233159038351921,8.0,9.650004430811373,-7.17977052015738,0.0,0.0,0.0,0.0,True
sevo,all,70-74,2.1,62,62,26,36,71.59677419354838,2.099854817166199,0.025849103328089876,1.19748229329995,41.889899630027436,6.878205824263676,14.651100590154128,2.0614422440985654,98.15815612463861,14.097580109909234,10.41044913236242,6.325901060992475,-4.581049095068118,8.0,9.331487173511867,-7.7716790489167575,0.0,0.0,0.0,0.0,True
sevo,all,70-74,2.2,59,59,27,32,71.67796610169492,2.201469050999731,0.024907511925673767,1.2479569415171172,40.831625393014086,7.791829384560229,13.820917525181367,2.2173321458315245,97.554552137355,14.480163839688645,10.627581893259942,5.889128217589285,-5.134356737551026,8.0,9.040594972754478,-8.59103562209936,0.0,0.0,0.0,0.0,True
sevo,all,70-74,2.3,33,33,17,16,71.75757575757575,2.294634432948166,0.02310542831640635,1.3061527054749824,40.474254652372366,6.378318969374387,13.553592294441405,2.0713258834792496,96.84972465915813,15.04326086779092,10.983392917421803,5.814874233077203,-4.776193435689768,8.0,8.948734989472774,-9.228386634713717,0.0,0.0,0.0,0.0,True
sevo,all,70-74,2.4,32,32,10,22,71.8125,2.3952177560437122,0.019934096470381083,1.3787788624846145,41.80603395065603,6.640084132736983,13.681922555765292,1.973503762214865,97.15046158723223,13.571954138356395,10.034590870524163,4.829468446784653,-5.871034112430841,8.0,8.01003181377322,-8.74248569157174,0.0,0.0,0.0,0.0,True
sevo,all,70-74,2.5,18,18,10,8,71.5,2.4984071188744297,0.02915314973763794,1.4043702820751436,39.252493183756314,6.2112786864889,13.030820217880386,2.0989501703847075,96.85822073367459,14.892297555702688,10.466668850964432,5.011939202524306,-5.645288266692787,8.0,8.311339844131037,-9.880358353178382,0.0,0.0,0.0,0.0,True
sevo,all,70-74,2.6,15,15,8,7,71.06666666666666,2.604782500373614,0.02838170481978781,1.4800273399189527,41.045096331603,8.094795809922982,13.919209535026717,1.6161973208778133,97.49289440688159,13.44130331431849,10.19729822571482,4.758672558351839,-5.770070434450385,8.0,7.963866186227755,-8.682630755966649,0.0,0.0,0.0,0.0,True
sevo,all,70-74,2.7,11,11,3,8,71.9090909090909,2.706347062925554,0.025454524765886912,1.5572597200911718,41.50926908279459,5.333593476714258,12.787225300333263,2.2621031739806425,97.62888636191687,14.756996184659755,10.081742175457896,4.634403249348173,-5.941586745686568,8.0,7.796426782135282,-10.122592935311582,0.0,0.0,0.0,0.0,True
sevo,all,70-74,2.8,7,7,0,7,71.28571428571429,2.7795619469424264,0.028536613225997508,1.5935016964373756,39.331067756794035,3.907627128277864,12.778473471601803,1.5555612844812103,96.75352361464783,15.161428675029144,10.614874757174732,4.687125705994112,-5.795795011326206,8.0,8.06892674469274,-10.474302969035033,0.0,0.0,0.0,0.0,True
sevo,all,70-74,2.9,5,5,2,3,72.0,2.9151211352491133,0.01860820276357017,1.586593756149523,40.59973560377956,10.448709188351765,14.425810259046653,1.1799632198859533,95.40344762921333,12.20349560878097,8.805225699493992,3.360579044645115,-6.27435875987286,8.0,6.372060505411947,-8.842916564135855,0.0,0.0,0.0,0.0,True
sevo,all,70-74,3.0,6,6,3,3,71.66666666666667,3.0067784243677225,0.035364738046049046,1.6369216735371286,45.516533207106924,6.055641836672581,13.330689443430552,2.1954341286254713,95.94448292073275,13.68681113788861,10.641939371849249,3.5452671401651568,-5.873671984585756,8.0,7.132655152599153,-10.141543997723451,0.0,0.0,0.0,0.0,True
